Ligne 17 direction Les Bouisses → Gare Saint-Roch - Pont de Sète : après « Les Bouisses », quel est le prochain arrêt ?;Parc Font-Colombe
Ligne 17 direction Les Bouisses → Gare Saint-Roch - Pont de Sète : après « Parc Font-Colombe », quel est le prochain arrêt ?;Georges Danton
Ligne 17 direction Les Bouisses → Gare Saint-Roch - Pont de Sète : après « Georges Danton », quel est le prochain arrêt ?;Estanove
Ligne 17 direction Les Bouisses → Gare Saint-Roch - Pont de Sète : après « Estanove », quel est le prochain arrêt ?;Lavandin
Ligne 17 direction Les Bouisses → Gare Saint-Roch - Pont de Sète : après « Lavandin », quel est le prochain arrêt ?;Winston Churchill
Ligne 17 direction Les Bouisses → Gare Saint-Roch - Pont de Sète : après « Winston Churchill », quel est le prochain arrêt ?;Vivaldi
Ligne 17 direction Les Bouisses → Gare Saint-Roch - Pont de Sète : après « Vivaldi », quel est le prochain arrêt ?;Puccini
Ligne 17 direction Les Bouisses → Gare Saint-Roch - Pont de Sète : après « Puccini », quel est le prochain arrêt ?;Irissou
Ligne 17 direction Les Bouisses → Gare Saint-Roch - Pont de Sète : après « Irissou », quel est le prochain arrêt ?;Bugarel
Ligne 17 direction Les Bouisses → Gare Saint-Roch - Pont de Sète : après « Bugarel », quel est le prochain arrêt ?;Le Grand M
Ligne 17 direction Les Bouisses → Gare Saint-Roch - Pont de Sète : après « Le Grand M », quel est le prochain arrêt ?;Avenue de Toulouse
Ligne 17 direction Les Bouisses → Gare Saint-Roch - Pont de Sète : après « Avenue de Toulouse », quel est le prochain arrêt ?;Ronceray
Ligne 17 direction Les Bouisses → Gare Saint-Roch - Pont de Sète : après « Ronceray », quel est le prochain arrêt ?;Georges Brassens
Ligne 17 direction Les Bouisses → Gare Saint-Roch - Pont de Sète : après « Georges Brassens », quel est le prochain arrêt ?;Guillaume Janvier
Ligne 17 direction Les Bouisses → Gare Saint-Roch - Pont de Sète : après « Guillaume Janvier », quel est le prochain arrêt ?;Mas Drevon
Ligne 17 direction Les Bouisses → Gare Saint-Roch - Pont de Sète : après « Mas Drevon », quel est le prochain arrêt ?;Stade Sabathé
Ligne 17 direction Les Bouisses → Gare Saint-Roch - Pont de Sète : après « Stade Sabathé », quel est le prochain arrêt ?;Ernest Michel
Ligne 17 direction Les Bouisses → Gare Saint-Roch - Pont de Sète : après « Ernest Michel », quel est le prochain arrêt ?;Rondelet
Ligne 17 direction Les Bouisses → Gare Saint-Roch - Pont de Sète : après « Rondelet », quel est le prochain arrêt ?;Gare Saint-Roch - Pont de Sète
Ligne 17 direction Gare Saint-Roch - Pont de Sète → Les Bouisses : après « Gare Saint-Roch - Pont de Sète », quel est le prochain arrêt ?;Rondelet
Ligne 17 direction Gare Saint-Roch - Pont de Sète → Les Bouisses : après « Rondelet », quel est le prochain arrêt ?;Ernest Michel
Ligne 17 direction Gare Saint-Roch - Pont de Sète → Les Bouisses : après « Ernest Michel », quel est le prochain arrêt ?;Stade Sabathé
Ligne 17 direction Gare Saint-Roch - Pont de Sète → Les Bouisses : après « Stade Sabathé », quel est le prochain arrêt ?;Mas Drevon
Ligne 17 direction Gare Saint-Roch - Pont de Sète → Les Bouisses : après « Mas Drevon », quel est le prochain arrêt ?;Guillaume Janvier
Ligne 17 direction Gare Saint-Roch - Pont de Sète → Les Bouisses : après « Guillaume Janvier », quel est le prochain arrêt ?;Georges Brassens
Ligne 17 direction Gare Saint-Roch - Pont de Sète → Les Bouisses : après « Georges Brassens », quel est le prochain arrêt ?;Ronceray
Ligne 17 direction Gare Saint-Roch - Pont de Sète → Les Bouisses : après « Ronceray », quel est le prochain arrêt ?;Avenue de Toulouse
Ligne 17 direction Gare Saint-Roch - Pont de Sète → Les Bouisses : après « Avenue de Toulouse », quel est le prochain arrêt ?;Le Grand M
Ligne 17 direction Gare Saint-Roch - Pont de Sète → Les Bouisses : après « Le Grand M », quel est le prochain arrêt ?;Bugarel
Ligne 17 direction Gare Saint-Roch - Pont de Sète → Les Bouisses : après « Bugarel », quel est le prochain arrêt ?;Irissou
Ligne 17 direction Gare Saint-Roch - Pont de Sète → Les Bouisses : après « Irissou », quel est le prochain arrêt ?;Puccini
Ligne 17 direction Gare Saint-Roch - Pont de Sète → Les Bouisses : après « Puccini », quel est le prochain arrêt ?;Vivaldi
Ligne 17 direction Gare Saint-Roch - Pont de Sète → Les Bouisses : après « Vivaldi », quel est le prochain arrêt ?;Winston Churchill
Ligne 17 direction Gare Saint-Roch - Pont de Sète → Les Bouisses : après « Winston Churchill », quel est le prochain arrêt ?;Lavandin
Ligne 17 direction Gare Saint-Roch - Pont de Sète → Les Bouisses : après « Lavandin », quel est le prochain arrêt ?;Estanove
Ligne 17 direction Gare Saint-Roch - Pont de Sète → Les Bouisses : après « Estanove », quel est le prochain arrêt ?;Georges Danton
Ligne 17 direction Gare Saint-Roch - Pont de Sète → Les Bouisses : après « Georges Danton », quel est le prochain arrêt ?;Parc Font-Colombe
Ligne 17 direction Gare Saint-Roch - Pont de Sète → Les Bouisses : après « Parc Font-Colombe », quel est le prochain arrêt ?;Les Bouisses
Ligne 6 direction Albert 1er - Jardin des Plantes → Euromédecine : après « Albert 1er - Jardin des Plantes », quel est le prochain arrêt ?;Peyrou - Arc de Triomphe
Ligne 6 direction Albert 1er - Jardin des Plantes → Euromédecine : après « Peyrou - Arc de Triomphe », quel est le prochain arrêt ?;Max Rouquette - Assas
Ligne 6 direction Albert 1er - Jardin des Plantes → Euromédecine : après « Max Rouquette - Assas », quel est le prochain arrêt ?;Sainte-Thérèse
Ligne 6 direction Albert 1er - Jardin des Plantes → Euromédecine : après « Sainte-Thérèse », quel est le prochain arrêt ?;Collège Camille Claudel
Ligne 6 direction Albert 1er - Jardin des Plantes → Euromédecine : après « Collège Camille Claudel », quel est le prochain arrêt ?;La Gaillarde
Ligne 6 direction Albert 1er - Jardin des Plantes → Euromédecine : après « La Gaillarde », quel est le prochain arrêt ?;Pierre Viala
Ligne 6 direction Albert 1er - Jardin des Plantes → Euromédecine : après « Pierre Viala », quel est le prochain arrêt ?;Louis Ravaz
Ligne 6 direction Albert 1er - Jardin des Plantes → Euromédecine : après « Louis Ravaz », quel est le prochain arrêt ?;Las Rébès
Ligne 6 direction Albert 1er - Jardin des Plantes → Euromédecine : après « Las Rébès », quel est le prochain arrêt ?;Cévennes
Ligne 6 direction Albert 1er - Jardin des Plantes → Euromédecine : après « Cévennes », quel est le prochain arrêt ?;Sainte-Geneviève
Ligne 6 direction Albert 1er - Jardin des Plantes → Euromédecine : après « Sainte-Geneviève », quel est le prochain arrêt ?;Alco
Ligne 6 direction Albert 1er - Jardin des Plantes → Euromédecine : après « Alco », quel est le prochain arrêt ?;Château d'Ô
Ligne 6 direction Albert 1er - Jardin des Plantes → Euromédecine : après « Château d'Ô », quel est le prochain arrêt ?;Saint-Priest
Ligne 6 direction Albert 1er - Jardin des Plantes → Euromédecine : après « Saint-Priest », quel est le prochain arrêt ?;Occitanie Hôpitaux - Facultés
Ligne 6 direction Albert 1er - Jardin des Plantes → Euromédecine : après « Occitanie Hôpitaux - Facultés », quel est le prochain arrêt ?;Ambroise Paré
Ligne 6 direction Albert 1er - Jardin des Plantes → Euromédecine : après « Ambroise Paré », quel est le prochain arrêt ?;Route de Ganges
Ligne 6 direction Albert 1er - Jardin des Plantes → Euromédecine : après « Route de Ganges », quel est le prochain arrêt ?;Antennes
Ligne 6 direction Albert 1er - Jardin des Plantes → Euromédecine : après « Antennes », quel est le prochain arrêt ?;Val d'Aurelle
Ligne 6 direction Albert 1er - Jardin des Plantes → Euromédecine : après « Val d'Aurelle », quel est le prochain arrêt ?;Apothicaires
Ligne 6 direction Albert 1er - Jardin des Plantes → Euromédecine : après « Apothicaires », quel est le prochain arrêt ?;Puech Villa
Ligne 6 direction Albert 1er - Jardin des Plantes → Euromédecine : après « Puech Villa », quel est le prochain arrêt ?;Euromédecine
Ligne 6 direction Euromédecine → Albert 1er - Jardin des Plantes : après « Euromédecine », quel est le prochain arrêt ?;Appel du 18 Juin
Ligne 6 direction Euromédecine → Albert 1er - Jardin des Plantes : après « Appel du 18 Juin », quel est le prochain arrêt ?;Puech Villa
Ligne 6 direction Euromédecine → Albert 1er - Jardin des Plantes : après « Puech Villa », quel est le prochain arrêt ?;Apothicaires
Ligne 6 direction Euromédecine → Albert 1er - Jardin des Plantes : après « Apothicaires », quel est le prochain arrêt ?;Val d'Aurelle
Ligne 6 direction Euromédecine → Albert 1er - Jardin des Plantes : après « Val d'Aurelle », quel est le prochain arrêt ?;Antennes
Ligne 6 direction Euromédecine → Albert 1er - Jardin des Plantes : après « Antennes », quel est le prochain arrêt ?;Route de Ganges
Ligne 6 direction Euromédecine → Albert 1er - Jardin des Plantes : après « Route de Ganges », quel est le prochain arrêt ?;Ambroise Paré
Ligne 6 direction Euromédecine → Albert 1er - Jardin des Plantes : après « Ambroise Paré », quel est le prochain arrêt ?;Occitanie Hôpitaux - Facultés
Ligne 6 direction Euromédecine → Albert 1er - Jardin des Plantes : après « Occitanie Hôpitaux - Facultés », quel est le prochain arrêt ?;Saint-Priest
Ligne 6 direction Euromédecine → Albert 1er - Jardin des Plantes : après « Saint-Priest », quel est le prochain arrêt ?;Château d'Ô
Ligne 6 direction Euromédecine → Albert 1er - Jardin des Plantes : après « Château d'Ô », quel est le prochain arrêt ?;Jean Bart
Ligne 6 direction Euromédecine → Albert 1er - Jardin des Plantes : après « Jean Bart », quel est le prochain arrêt ?;Alco
Ligne 6 direction Euromédecine → Albert 1er - Jardin des Plantes : après « Alco », quel est le prochain arrêt ?;Sainte-Geneviève
Ligne 6 direction Euromédecine → Albert 1er - Jardin des Plantes : après « Sainte-Geneviève », quel est le prochain arrêt ?;Cévennes
Ligne 6 direction Euromédecine → Albert 1er - Jardin des Plantes : après « Cévennes », quel est le prochain arrêt ?;Las Rébès
Ligne 6 direction Euromédecine → Albert 1er - Jardin des Plantes : après « Las Rébès », quel est le prochain arrêt ?;Louis Ravaz
Ligne 6 direction Euromédecine → Albert 1er - Jardin des Plantes : après « Louis Ravaz », quel est le prochain arrêt ?;Pierre Viala
Ligne 6 direction Euromédecine → Albert 1er - Jardin des Plantes : après « Pierre Viala », quel est le prochain arrêt ?;La Gaillarde
Ligne 6 direction Euromédecine → Albert 1er - Jardin des Plantes : après « La Gaillarde », quel est le prochain arrêt ?;Collège Camille Claudel
Ligne 6 direction Euromédecine → Albert 1er - Jardin des Plantes : après « Collège Camille Claudel », quel est le prochain arrêt ?;Sainte-Thérèse
Ligne 6 direction Euromédecine → Albert 1er - Jardin des Plantes : après « Sainte-Thérèse », quel est le prochain arrêt ?;Max Rouquette - Assas
Ligne 6 direction Euromédecine → Albert 1er - Jardin des Plantes : après « Max Rouquette - Assas », quel est le prochain arrêt ?;Peyrou - Arc de Triomphe
Ligne 6 direction Euromédecine → Albert 1er - Jardin des Plantes : après « Peyrou - Arc de Triomphe », quel est le prochain arrêt ?;Albert 1er - Jardin des Plantes
Ligne 7 direction Hôtel du Département → Albert 1er - Jardin des Plantes : après « Hôtel du Département », quel est le prochain arrêt ?;Lycée Jean Monnet
Ligne 7 direction Hôtel du Département → Albert 1er - Jardin des Plantes : après « Lycée Jean Monnet », quel est le prochain arrêt ?;Jean Bart
Ligne 7 direction Hôtel du Département → Albert 1er - Jardin des Plantes : après « Jean Bart », quel est le prochain arrêt ?;Château d'Ô
Ligne 7 direction Hôtel du Département → Albert 1er - Jardin des Plantes : après « Château d'Ô », quel est le prochain arrêt ?;Pléiade
Ligne 7 direction Hôtel du Département → Albert 1er - Jardin des Plantes : après « Pléiade », quel est le prochain arrêt ?;Font Trouvé
Ligne 7 direction Hôtel du Département → Albert 1er - Jardin des Plantes : après « Font Trouvé », quel est le prochain arrêt ?;Gardioles
Ligne 7 direction Hôtel du Département → Albert 1er - Jardin des Plantes : après « Gardioles », quel est le prochain arrêt ?;Cervantès
Ligne 7 direction Hôtel du Département → Albert 1er - Jardin des Plantes : après « Cervantès », quel est le prochain arrêt ?;La Source
Ligne 7 direction Hôtel du Département → Albert 1er - Jardin des Plantes : après « La Source », quel est le prochain arrêt ?;Cité Roger
Ligne 7 direction Hôtel du Département → Albert 1er - Jardin des Plantes : après « Cité Roger », quel est le prochain arrêt ?;Pous de la Sers
Ligne 7 direction Hôtel du Département → Albert 1er - Jardin des Plantes : après « Pous de la Sers », quel est le prochain arrêt ?;Maison des Sports
Ligne 7 direction Hôtel du Département → Albert 1er - Jardin des Plantes : après « Maison des Sports », quel est le prochain arrêt ?;Auguste Broussonnet
Ligne 7 direction Hôtel du Département → Albert 1er - Jardin des Plantes : après « Auguste Broussonnet », quel est le prochain arrêt ?;Albert 1er - Jardin des Plantes
Ligne 7 direction Albert 1er - Jardin des Plantes → Hôtel du Département : après « Albert 1er - Jardin des Plantes », quel est le prochain arrêt ?;La Pile
Ligne 7 direction Albert 1er - Jardin des Plantes → Hôtel du Département : après « La Pile », quel est le prochain arrêt ?;Maison des Sports
Ligne 7 direction Albert 1er - Jardin des Plantes → Hôtel du Département : après « Maison des Sports », quel est le prochain arrêt ?;Pous de la Sers
Ligne 7 direction Albert 1er - Jardin des Plantes → Hôtel du Département : après « Pous de la Sers », quel est le prochain arrêt ?;Cité Roger
Ligne 7 direction Albert 1er - Jardin des Plantes → Hôtel du Département : après « Cité Roger », quel est le prochain arrêt ?;La Source
Ligne 7 direction Albert 1er - Jardin des Plantes → Hôtel du Département : après « La Source », quel est le prochain arrêt ?;Cervantès
Ligne 7 direction Albert 1er - Jardin des Plantes → Hôtel du Département : après « Cervantès », quel est le prochain arrêt ?;Gardioles
Ligne 7 direction Albert 1er - Jardin des Plantes → Hôtel du Département : après « Gardioles », quel est le prochain arrêt ?;Mûriers
Ligne 7 direction Albert 1er - Jardin des Plantes → Hôtel du Département : après « Mûriers », quel est le prochain arrêt ?;Font Trouvé
Ligne 7 direction Albert 1er - Jardin des Plantes → Hôtel du Département : après « Font Trouvé », quel est le prochain arrêt ?;Pléiade
Ligne 7 direction Albert 1er - Jardin des Plantes → Hôtel du Département : après « Pléiade », quel est le prochain arrêt ?;Château d'Ô
Ligne 7 direction Albert 1er - Jardin des Plantes → Hôtel du Département : après « Château d'Ô », quel est le prochain arrêt ?;Lycée Jean Monnet
Ligne 7 direction Albert 1er - Jardin des Plantes → Hôtel du Département : après « Lycée Jean Monnet », quel est le prochain arrêt ?;Hôtel du Département
Ligne 13 direction Occitanie Hôpitaux - Facultés → Charles de Gaulle : après « Occitanie Hôpitaux - Facultés », quel est le prochain arrêt ?;Ambroise Paré
Ligne 13 direction Occitanie Hôpitaux - Facultés → Charles de Gaulle : après « Ambroise Paré », quel est le prochain arrêt ?;Pic Saint-Loup
Ligne 13 direction Occitanie Hôpitaux - Facultés → Charles de Gaulle : après « Pic Saint-Loup », quel est le prochain arrêt ?;Jean Baumel
Ligne 13 direction Occitanie Hôpitaux - Facultés → Charles de Gaulle : après « Jean Baumel », quel est le prochain arrêt ?;Ecole d'Architecture
Ligne 13 direction Occitanie Hôpitaux - Facultés → Charles de Gaulle : après « Ecole d'Architecture », quel est le prochain arrêt ?;École de Chimie
Ligne 13 direction Occitanie Hôpitaux - Facultés → Charles de Gaulle : après « École de Chimie », quel est le prochain arrêt ?;Pôle Chimie Balard
Ligne 13 direction Occitanie Hôpitaux - Facultés → Charles de Gaulle : après « Pôle Chimie Balard », quel est le prochain arrêt ?;Lavalette
Ligne 13 direction Occitanie Hôpitaux - Facultés → Charles de Gaulle : après « Lavalette », quel est le prochain arrêt ?;Zoo
Ligne 13 direction Occitanie Hôpitaux - Facultés → Charles de Gaulle : après « Zoo », quel est le prochain arrêt ?;René Bougnol
Ligne 13 direction Occitanie Hôpitaux - Facultés → Charles de Gaulle : après « René Bougnol », quel est le prochain arrêt ?;Aiguelongue - Jussieu
Ligne 13 direction Occitanie Hôpitaux - Facultés → Charles de Gaulle : après « Aiguelongue - Jussieu », quel est le prochain arrêt ?;Jean Rostand
Ligne 13 direction Occitanie Hôpitaux - Facultés → Charles de Gaulle : après « Jean Rostand », quel est le prochain arrêt ?;Pioch de Boutonnet
Ligne 13 direction Occitanie Hôpitaux - Facultés → Charles de Gaulle : après « Pioch de Boutonnet », quel est le prochain arrêt ?;Chantecler
Ligne 13 direction Occitanie Hôpitaux - Facultés → Charles de Gaulle : après « Chantecler », quel est le prochain arrêt ?;Alpilles
Ligne 13 direction Occitanie Hôpitaux - Facultés → Charles de Gaulle : après « Alpilles », quel est le prochain arrêt ?;Clolus
Ligne 13 direction Occitanie Hôpitaux - Facultés → Charles de Gaulle : après « Clolus », quel est le prochain arrêt ?;Bengalis
Ligne 13 direction Occitanie Hôpitaux - Facultés → Charles de Gaulle : après « Bengalis », quel est le prochain arrêt ?;Roqueturière
Ligne 13 direction Occitanie Hôpitaux - Facultés → Charles de Gaulle : après « Roqueturière », quel est le prochain arrêt ?;Maurice Chevalier
Ligne 13 direction Occitanie Hôpitaux - Facultés → Charles de Gaulle : après « Maurice Chevalier », quel est le prochain arrêt ?;Saint-Lazare
Ligne 13 direction Occitanie Hôpitaux - Facultés → Charles de Gaulle : après « Saint-Lazare », quel est le prochain arrêt ?;Charles de Gaulle
Ligne 13 direction Charles de Gaulle → Occitanie Hôpitaux - Facultés : après « Charles de Gaulle », quel est le prochain arrêt ?;Saint-Lazare
Ligne 13 direction Charles de Gaulle → Occitanie Hôpitaux - Facultés : après « Saint-Lazare », quel est le prochain arrêt ?;Maurice Chevalier
Ligne 13 direction Charles de Gaulle → Occitanie Hôpitaux - Facultés : après « Maurice Chevalier », quel est le prochain arrêt ?;Roqueturière
Ligne 13 direction Charles de Gaulle → Occitanie Hôpitaux - Facultés : après « Roqueturière », quel est le prochain arrêt ?;Bengalis
Ligne 13 direction Charles de Gaulle → Occitanie Hôpitaux - Facultés : après « Bengalis », quel est le prochain arrêt ?;Clolus
Ligne 13 direction Charles de Gaulle → Occitanie Hôpitaux - Facultés : après « Clolus », quel est le prochain arrêt ?;Alpilles
Ligne 13 direction Charles de Gaulle → Occitanie Hôpitaux - Facultés : après « Alpilles », quel est le prochain arrêt ?;Chantecler
Ligne 13 direction Charles de Gaulle → Occitanie Hôpitaux - Facultés : après « Chantecler », quel est le prochain arrêt ?;Pioch de Boutonnet
Ligne 13 direction Charles de Gaulle → Occitanie Hôpitaux - Facultés : après « Pioch de Boutonnet », quel est le prochain arrêt ?;Jean Rostand
Ligne 13 direction Charles de Gaulle → Occitanie Hôpitaux - Facultés : après « Jean Rostand », quel est le prochain arrêt ?;Aiguelongue - Jussieu
Ligne 13 direction Charles de Gaulle → Occitanie Hôpitaux - Facultés : après « Aiguelongue - Jussieu », quel est le prochain arrêt ?;René Bougnol
Ligne 13 direction Charles de Gaulle → Occitanie Hôpitaux - Facultés : après « René Bougnol », quel est le prochain arrêt ?;Zoo
Ligne 13 direction Charles de Gaulle → Occitanie Hôpitaux - Facultés : après « Zoo », quel est le prochain arrêt ?;Lavalette
Ligne 13 direction Charles de Gaulle → Occitanie Hôpitaux - Facultés : après « Lavalette », quel est le prochain arrêt ?;Pôle Chimie Balard
Ligne 13 direction Charles de Gaulle → Occitanie Hôpitaux - Facultés : après « Pôle Chimie Balard », quel est le prochain arrêt ?;École de Chimie
Ligne 13 direction Charles de Gaulle → Occitanie Hôpitaux - Facultés : après « École de Chimie », quel est le prochain arrêt ?;Ecole d'Architecture
Ligne 13 direction Charles de Gaulle → Occitanie Hôpitaux - Facultés : après « Ecole d'Architecture », quel est le prochain arrêt ?;Jean Baumel
Ligne 13 direction Charles de Gaulle → Occitanie Hôpitaux - Facultés : après « Jean Baumel », quel est le prochain arrêt ?;Pic Saint-Loup
Ligne 13 direction Charles de Gaulle → Occitanie Hôpitaux - Facultés : après « Pic Saint-Loup », quel est le prochain arrêt ?;Ambroise Paré
Ligne 13 direction Charles de Gaulle → Occitanie Hôpitaux - Facultés : après « Ambroise Paré », quel est le prochain arrêt ?;Occitanie Hôpitaux - Facultés
Ligne 15 direction Gare Sud de France → Sabines : après « Gare Sud de France », quel est le prochain arrêt ?;Lycée Pierre Mendès France
Ligne 15 direction Gare Sud de France → Sabines : après « Lycée Pierre Mendès France », quel est le prochain arrêt ?;Pénélope
Ligne 15 direction Gare Sud de France → Sabines : après « Pénélope », quel est le prochain arrêt ?;Millénaire
Ligne 15 direction Gare Sud de France → Sabines : après « Millénaire », quel est le prochain arrêt ?;Vauguières
Ligne 15 direction Gare Sud de France → Sabines : après « Vauguières », quel est le prochain arrêt ?;Parc de la Lironde
Ligne 15 direction Gare Sud de France → Sabines : après « Parc de la Lironde », quel est le prochain arrêt ?;Lagoya
Ligne 15 direction Gare Sud de France → Sabines : après « Lagoya », quel est le prochain arrêt ?;Pinville
Ligne 15 direction Gare Sud de France → Sabines : après « Pinville », quel est le prochain arrêt ?;Goélands
Ligne 15 direction Gare Sud de France → Sabines : après « Goélands », quel est le prochain arrêt ?;Semard
Ligne 15 direction Gare Sud de France → Sabines : après « Semard », quel est le prochain arrêt ?;Pierre Laroque
Ligne 15 direction Gare Sud de France → Sabines : après « Pierre Laroque », quel est le prochain arrêt ?;Pastourelles
Ligne 15 direction Gare Sud de France → Sabines : après « Pastourelles », quel est le prochain arrêt ?;Jules Isaac
Ligne 15 direction Gare Sud de France → Sabines : après « Jules Isaac », quel est le prochain arrêt ?;Petit Vichy
Ligne 15 direction Gare Sud de France → Sabines : après « Petit Vichy », quel est le prochain arrêt ?;La Pompignane - Les Lacs
Ligne 15 direction Gare Sud de France → Sabines : après « La Pompignane - Les Lacs », quel est le prochain arrêt ?;Charles de Gaulle
Ligne 15 direction Gare Sud de France → Sabines : après « Charles de Gaulle », quel est le prochain arrêt ?;Charles de Gaulle
Ligne 15 direction Gare Sud de France → Sabines : après « Charles de Gaulle », quel est le prochain arrêt ?;Saint-Lazare
Ligne 15 direction Gare Sud de France → Sabines : après « Saint-Lazare », quel est le prochain arrêt ?;Aiguelongue
Ligne 15 direction Gare Sud de France → Sabines : après « Aiguelongue », quel est le prochain arrêt ?;Tourterelles
Ligne 15 direction Gare Sud de France → Sabines : après « Tourterelles », quel est le prochain arrêt ?;Sainte-Catherine
Ligne 15 direction Gare Sud de France → Sabines : après « Sainte-Catherine », quel est le prochain arrêt ?;Major Flandre
Ligne 15 direction Gare Sud de France → Sabines : après « Major Flandre », quel est le prochain arrêt ?;Henri Dunant
Ligne 15 direction Gare Sud de France → Sabines : après « Henri Dunant », quel est le prochain arrêt ?;Saint-Éloi
Ligne 15 direction Gare Sud de France → Sabines : après « Saint-Éloi », quel est le prochain arrêt ?;Fac de Pharmacie
Ligne 15 direction Gare Sud de France → Sabines : après « Fac de Pharmacie », quel est le prochain arrêt ?;Voie Domitienne
Ligne 15 direction Gare Sud de France → Sabines : après « Voie Domitienne », quel est le prochain arrêt ?;Cinsaults
Ligne 15 direction Gare Sud de France → Sabines : après « Cinsaults », quel est le prochain arrêt ?;Henri Marès
Ligne 15 direction Gare Sud de France → Sabines : après « Henri Marès », quel est le prochain arrêt ?;Louis Ravaz
Ligne 15 direction Gare Sud de France → Sabines : après « Louis Ravaz », quel est le prochain arrêt ?;Rièges
Ligne 15 direction Gare Sud de France → Sabines : après « Rièges », quel est le prochain arrêt ?;Jean Calvin
Ligne 15 direction Gare Sud de France → Sabines : après « Jean Calvin », quel est le prochain arrêt ?;Belvédère
Ligne 15 direction Gare Sud de France → Sabines : après « Belvédère », quel est le prochain arrêt ?;Tonnelles
Ligne 15 direction Gare Sud de France → Sabines : après « Tonnelles », quel est le prochain arrêt ?;Lycée Jules Ferry
Ligne 15 direction Gare Sud de France → Sabines : après « Lycée Jules Ferry », quel est le prochain arrêt ?;Martellière
Ligne 15 direction Gare Sud de France → Sabines : après « Martellière », quel est le prochain arrêt ?;Sophie Germain
Ligne 15 direction Gare Sud de France → Sabines : après « Sophie Germain », quel est le prochain arrêt ?;Ormeaux
Ligne 15 direction Gare Sud de France → Sabines : après « Ormeaux », quel est le prochain arrêt ?;Les Bouisses
Ligne 15 direction Gare Sud de France → Sabines : après « Les Bouisses », quel est le prochain arrêt ?;Parc Font-Colombe
Ligne 15 direction Gare Sud de France → Sabines : après « Parc Font-Colombe », quel est le prochain arrêt ?;Collège Marcel Pagnol
Ligne 15 direction Gare Sud de France → Sabines : après « Collège Marcel Pagnol », quel est le prochain arrêt ?;Bugarel
Ligne 15 direction Gare Sud de France → Sabines : après « Bugarel », quel est le prochain arrêt ?;Le Grand M
Ligne 15 direction Gare Sud de France → Sabines : après « Le Grand M », quel est le prochain arrêt ?;Mas de Bagnères
Ligne 15 direction Gare Sud de France → Sabines : après « Mas de Bagnères », quel est le prochain arrêt ?;Sabines
Ligne 15 direction Sabines → Gare Sud de France : après « Sabines », quel est le prochain arrêt ?;Mas de Bagnères
Ligne 15 direction Sabines → Gare Sud de France : après « Mas de Bagnères », quel est le prochain arrêt ?;Le Grand M
Ligne 15 direction Sabines → Gare Sud de France : après « Le Grand M », quel est le prochain arrêt ?;Bugarel
Ligne 15 direction Sabines → Gare Sud de France : après « Bugarel », quel est le prochain arrêt ?;Collège Marcel Pagnol
Ligne 15 direction Sabines → Gare Sud de France : après « Collège Marcel Pagnol », quel est le prochain arrêt ?;Parc Font-Colombe
Ligne 15 direction Sabines → Gare Sud de France : après « Parc Font-Colombe », quel est le prochain arrêt ?;Les Bouisses
Ligne 15 direction Sabines → Gare Sud de France : après « Les Bouisses », quel est le prochain arrêt ?;Ormeaux
Ligne 15 direction Sabines → Gare Sud de France : après « Ormeaux », quel est le prochain arrêt ?;Sophie Germain
Ligne 15 direction Sabines → Gare Sud de France : après « Sophie Germain », quel est le prochain arrêt ?;Martellière
Ligne 15 direction Sabines → Gare Sud de France : après « Martellière », quel est le prochain arrêt ?;Lycée Jules Ferry
Ligne 15 direction Sabines → Gare Sud de France : après « Lycée Jules Ferry », quel est le prochain arrêt ?;Tonnelles
Ligne 15 direction Sabines → Gare Sud de France : après « Tonnelles », quel est le prochain arrêt ?;Belvédère
Ligne 15 direction Sabines → Gare Sud de France : après « Belvédère », quel est le prochain arrêt ?;Jean Calvin
Ligne 15 direction Sabines → Gare Sud de France : après « Jean Calvin », quel est le prochain arrêt ?;Rièges
Ligne 15 direction Sabines → Gare Sud de France : après « Rièges », quel est le prochain arrêt ?;Louis Ravaz
Ligne 15 direction Sabines → Gare Sud de France : après « Louis Ravaz », quel est le prochain arrêt ?;Henri Marès
Ligne 15 direction Sabines → Gare Sud de France : après « Henri Marès », quel est le prochain arrêt ?;Cinsaults
Ligne 15 direction Sabines → Gare Sud de France : après « Cinsaults », quel est le prochain arrêt ?;Voie Domitienne
Ligne 15 direction Sabines → Gare Sud de France : après « Voie Domitienne », quel est le prochain arrêt ?;Fac de Pharmacie
Ligne 15 direction Sabines → Gare Sud de France : après « Fac de Pharmacie », quel est le prochain arrêt ?;Saint-Éloi
Ligne 15 direction Sabines → Gare Sud de France : après « Saint-Éloi », quel est le prochain arrêt ?;Henri Dunant
Ligne 15 direction Sabines → Gare Sud de France : après « Henri Dunant », quel est le prochain arrêt ?;Major Flandre
Ligne 15 direction Sabines → Gare Sud de France : après « Major Flandre », quel est le prochain arrêt ?;Sainte-Catherine
Ligne 15 direction Sabines → Gare Sud de France : après « Sainte-Catherine », quel est le prochain arrêt ?;Tourterelles
Ligne 15 direction Sabines → Gare Sud de France : après « Tourterelles », quel est le prochain arrêt ?;Aiguelongue
Ligne 15 direction Sabines → Gare Sud de France : après « Aiguelongue », quel est le prochain arrêt ?;Saint-Lazare
Ligne 15 direction Sabines → Gare Sud de France : après « Saint-Lazare », quel est le prochain arrêt ?;Charles de Gaulle
Ligne 15 direction Sabines → Gare Sud de France : après « Charles de Gaulle », quel est le prochain arrêt ?;Charles de Gaulle
Ligne 15 direction Sabines → Gare Sud de France : après « Charles de Gaulle », quel est le prochain arrêt ?;La Pompignane - Les Lacs
Ligne 15 direction Sabines → Gare Sud de France : après « La Pompignane - Les Lacs », quel est le prochain arrêt ?;Petit Vichy
Ligne 15 direction Sabines → Gare Sud de France : après « Petit Vichy », quel est le prochain arrêt ?;Jules Isaac
Ligne 15 direction Sabines → Gare Sud de France : après « Jules Isaac », quel est le prochain arrêt ?;Pastourelles
Ligne 15 direction Sabines → Gare Sud de France : après « Pastourelles », quel est le prochain arrêt ?;Pierre Laroque
Ligne 15 direction Sabines → Gare Sud de France : après « Pierre Laroque », quel est le prochain arrêt ?;Semard
Ligne 15 direction Sabines → Gare Sud de France : après « Semard », quel est le prochain arrêt ?;Goélands
Ligne 15 direction Sabines → Gare Sud de France : après « Goélands », quel est le prochain arrêt ?;Pinville
Ligne 15 direction Sabines → Gare Sud de France : après « Pinville », quel est le prochain arrêt ?;Lagoya
Ligne 15 direction Sabines → Gare Sud de France : après « Lagoya », quel est le prochain arrêt ?;Parc de la Lironde
Ligne 15 direction Sabines → Gare Sud de France : après « Parc de la Lironde », quel est le prochain arrêt ?;Vauguières
Ligne 15 direction Sabines → Gare Sud de France : après « Vauguières », quel est le prochain arrêt ?;Millénaire
Ligne 15 direction Sabines → Gare Sud de France : après « Millénaire », quel est le prochain arrêt ?;Pénélope
Ligne 15 direction Sabines → Gare Sud de France : après « Pénélope », quel est le prochain arrêt ?;Lycée Pierre Mendès France
Ligne 15 direction Sabines → Gare Sud de France : après « Lycée Pierre Mendès France », quel est le prochain arrêt ?;Gare Sud de France
Ligne 10 direction Cimetière Saint-Lazare → Celleneuve : après « Cimetière Saint-Lazare », quel est le prochain arrêt ?;Montasinos
Ligne 10 direction Cimetière Saint-Lazare → Celleneuve : après « Montasinos », quel est le prochain arrêt ?;Nazareth
Ligne 10 direction Cimetière Saint-Lazare → Celleneuve : après « Nazareth », quel est le prochain arrêt ?;Marie Caizergues
Ligne 10 direction Cimetière Saint-Lazare → Celleneuve : après « Marie Caizergues », quel est le prochain arrêt ?;Sainte-Odile
Ligne 10 direction Cimetière Saint-Lazare → Celleneuve : après « Sainte-Odile », quel est le prochain arrêt ?;Boutonnet - Cité des Arts
Ligne 10 direction Cimetière Saint-Lazare → Celleneuve : après « Boutonnet - Cité des Arts », quel est le prochain arrêt ?;Hippolyte Rech
Ligne 10 direction Cimetière Saint-Lazare → Celleneuve : après « Hippolyte Rech », quel est le prochain arrêt ?;Portalière des Masques
Ligne 10 direction Cimetière Saint-Lazare → Celleneuve : après « Portalière des Masques », quel est le prochain arrêt ?;Max Rouquette - Saint-Louis
Ligne 10 direction Cimetière Saint-Lazare → Celleneuve : après « Max Rouquette - Saint-Louis », quel est le prochain arrêt ?;Glycines
Ligne 10 direction Cimetière Saint-Lazare → Celleneuve : après « Glycines », quel est le prochain arrêt ?;Benjamin Milhaud
Ligne 10 direction Cimetière Saint-Lazare → Celleneuve : après « Benjamin Milhaud », quel est le prochain arrêt ?;Louvain
Ligne 10 direction Cimetière Saint-Lazare → Celleneuve : après « Louvain », quel est le prochain arrêt ?;Érables
Ligne 10 direction Cimetière Saint-Lazare → Celleneuve : après « Érables », quel est le prochain arrêt ?;Las Sorbes
Ligne 10 direction Cimetière Saint-Lazare → Celleneuve : après « Las Sorbes », quel est le prochain arrêt ?;Saint-Gabriel
Ligne 10 direction Cimetière Saint-Lazare → Celleneuve : après « Saint-Gabriel », quel est le prochain arrêt ?;Espérance
Ligne 10 direction Cimetière Saint-Lazare → Celleneuve : après « Espérance », quel est le prochain arrêt ?;Las Cazes
Ligne 10 direction Cimetière Saint-Lazare → Celleneuve : après « Las Cazes », quel est le prochain arrêt ?;Saint-Clément
Ligne 10 direction Cimetière Saint-Lazare → Celleneuve : après « Saint-Clément », quel est le prochain arrêt ?;Belvédère
Ligne 10 direction Cimetière Saint-Lazare → Celleneuve : après « Belvédère », quel est le prochain arrêt ?;Tonnelles
Ligne 10 direction Cimetière Saint-Lazare → Celleneuve : après « Tonnelles », quel est le prochain arrêt ?;Petit Bard
Ligne 10 direction Cimetière Saint-Lazare → Celleneuve : après « Petit Bard », quel est le prochain arrêt ?;Marie Curie
Ligne 10 direction Cimetière Saint-Lazare → Celleneuve : après « Marie Curie », quel est le prochain arrêt ?;Renaudel
Ligne 10 direction Cimetière Saint-Lazare → Celleneuve : après « Renaudel », quel est le prochain arrêt ?;Celleneuve
Ligne 10 direction Celleneuve → Cimetière Saint-Lazare : après « Celleneuve », quel est le prochain arrêt ?;Renaudel
Ligne 10 direction Celleneuve → Cimetière Saint-Lazare : après « Renaudel », quel est le prochain arrêt ?;Marie Curie
Ligne 10 direction Celleneuve → Cimetière Saint-Lazare : après « Marie Curie », quel est le prochain arrêt ?;Petit Bard
Ligne 10 direction Celleneuve → Cimetière Saint-Lazare : après « Petit Bard », quel est le prochain arrêt ?;Tonnelles
Ligne 10 direction Celleneuve → Cimetière Saint-Lazare : après « Tonnelles », quel est le prochain arrêt ?;Belvédère
Ligne 10 direction Celleneuve → Cimetière Saint-Lazare : après « Belvédère », quel est le prochain arrêt ?;Saint-Clément
Ligne 10 direction Celleneuve → Cimetière Saint-Lazare : après « Saint-Clément », quel est le prochain arrêt ?;Las Cazes
Ligne 10 direction Celleneuve → Cimetière Saint-Lazare : après « Las Cazes », quel est le prochain arrêt ?;Espérance
Ligne 10 direction Celleneuve → Cimetière Saint-Lazare : après « Espérance », quel est le prochain arrêt ?;Saint-Gabriel
Ligne 10 direction Celleneuve → Cimetière Saint-Lazare : après « Saint-Gabriel », quel est le prochain arrêt ?;Las Sorbes
Ligne 10 direction Celleneuve → Cimetière Saint-Lazare : après « Las Sorbes », quel est le prochain arrêt ?;Érables
Ligne 10 direction Celleneuve → Cimetière Saint-Lazare : après « Érables », quel est le prochain arrêt ?;Louvain
Ligne 10 direction Celleneuve → Cimetière Saint-Lazare : après « Louvain », quel est le prochain arrêt ?;Benjamin Milhaud
Ligne 10 direction Celleneuve → Cimetière Saint-Lazare : après « Benjamin Milhaud », quel est le prochain arrêt ?;Glycines
Ligne 10 direction Celleneuve → Cimetière Saint-Lazare : après « Glycines », quel est le prochain arrêt ?;Max Rouquette - Paladilhe
Ligne 10 direction Celleneuve → Cimetière Saint-Lazare : après « Max Rouquette - Paladilhe », quel est le prochain arrêt ?;Max Rouquette - Assas
Ligne 10 direction Celleneuve → Cimetière Saint-Lazare : après « Max Rouquette - Assas », quel est le prochain arrêt ?;Saint-Jaumes
Ligne 10 direction Celleneuve → Cimetière Saint-Lazare : après « Saint-Jaumes », quel est le prochain arrêt ?;La Pile
Ligne 10 direction Celleneuve → Cimetière Saint-Lazare : après « La Pile », quel est le prochain arrêt ?;Hippolyte Rech
Ligne 10 direction Celleneuve → Cimetière Saint-Lazare : après « Hippolyte Rech », quel est le prochain arrêt ?;Boutonnet - Cité des Arts
Ligne 10 direction Celleneuve → Cimetière Saint-Lazare : après « Boutonnet - Cité des Arts », quel est le prochain arrêt ?;Sainte-Odile
Ligne 10 direction Celleneuve → Cimetière Saint-Lazare : après « Sainte-Odile », quel est le prochain arrêt ?;Marie Caizergues
Ligne 10 direction Celleneuve → Cimetière Saint-Lazare : après « Marie Caizergues », quel est le prochain arrêt ?;Nazareth
Ligne 10 direction Celleneuve → Cimetière Saint-Lazare : après « Nazareth », quel est le prochain arrêt ?;Montasinos
Ligne 10 direction Celleneuve → Cimetière Saint-Lazare : après « Montasinos », quel est le prochain arrêt ?;Cimetière Saint-Lazare
Ligne 11 direction La Martelle → Tournezy : après « La Martelle », quel est le prochain arrêt ?;Grèzes
Ligne 11 direction La Martelle → Tournezy : après « Grèzes », quel est le prochain arrêt ?;Croix des Rosiers
Ligne 11 direction La Martelle → Tournezy : après « Croix des Rosiers », quel est le prochain arrêt ?;Mourèze
Ligne 11 direction La Martelle → Tournezy : après « Mourèze », quel est le prochain arrêt ?;Alexandre Yersin
Ligne 11 direction La Martelle → Tournezy : après « Alexandre Yersin », quel est le prochain arrêt ?;Sophie Germain
Ligne 11 direction La Martelle → Tournezy : après « Sophie Germain », quel est le prochain arrêt ?;Martellière
Ligne 11 direction La Martelle → Tournezy : après « Martellière », quel est le prochain arrêt ?;Lycée Jules Ferry
Ligne 11 direction La Martelle → Tournezy : après « Lycée Jules Ferry », quel est le prochain arrêt ?;François Dezeuze
Ligne 11 direction La Martelle → Tournezy : après « François Dezeuze », quel est le prochain arrêt ?;Figairasse
Ligne 11 direction La Martelle → Tournezy : après « Figairasse », quel est le prochain arrêt ?;Étoile
Ligne 11 direction La Martelle → Tournezy : après « Étoile », quel est le prochain arrêt ?;Mas de Merle
Ligne 11 direction La Martelle → Tournezy : après « Mas de Merle », quel est le prochain arrêt ?;Cité Créative
Ligne 11 direction La Martelle → Tournezy : après « Cité Créative », quel est le prochain arrêt ?;Croix du Capitaine
Ligne 11 direction La Martelle → Tournezy : après « Croix du Capitaine », quel est le prochain arrêt ?;Place du 8 Mai 1945
Ligne 11 direction La Martelle → Tournezy : après « Place du 8 Mai 1945 », quel est le prochain arrêt ?;Ernest Michel
Ligne 11 direction La Martelle → Tournezy : après « Ernest Michel », quel est le prochain arrêt ?;Rondelet
Ligne 11 direction La Martelle → Tournezy : après « Rondelet », quel est le prochain arrêt ?;Gare Saint-Roch - Pont de Sète
Ligne 11 direction La Martelle → Tournezy : après « Gare Saint-Roch - Pont de Sète », quel est le prochain arrêt ?;Frédéric Bazille
Ligne 11 direction La Martelle → Tournezy : après « Frédéric Bazille », quel est le prochain arrêt ?;Cité Mion
Ligne 11 direction La Martelle → Tournezy : après « Cité Mion », quel est le prochain arrêt ?;Iris
Ligne 11 direction La Martelle → Tournezy : après « Iris », quel est le prochain arrêt ?;Collège Gérard Philipe
Ligne 11 direction La Martelle → Tournezy : après « Collège Gérard Philipe », quel est le prochain arrêt ?;Lucullus
Ligne 11 direction La Martelle → Tournezy : après « Lucullus », quel est le prochain arrêt ?;Cité de l'Arme
Ligne 11 direction La Martelle → Tournezy : après « Cité de l'Arme », quel est le prochain arrêt ?;Garcia Lorca
Ligne 11 direction La Martelle → Tournezy : après « Garcia Lorca », quel est le prochain arrêt ?;Mas Argelliers
Ligne 11 direction La Martelle → Tournezy : après « Mas Argelliers », quel est le prochain arrêt ?;Saporta
Ligne 11 direction La Martelle → Tournezy : après « Saporta », quel est le prochain arrêt ?;Mas Saint-Pierre
Ligne 11 direction La Martelle → Tournezy : après « Mas Saint-Pierre », quel est le prochain arrêt ?;Tournezy
Ligne 11 direction Tournezy → La Martelle : après « Tournezy », quel est le prochain arrêt ?;Mas Saint-Pierre
Ligne 11 direction Tournezy → La Martelle : après « Mas Saint-Pierre », quel est le prochain arrêt ?;Saporta
Ligne 11 direction Tournezy → La Martelle : après « Saporta », quel est le prochain arrêt ?;Mas Argelliers
Ligne 11 direction Tournezy → La Martelle : après « Mas Argelliers », quel est le prochain arrêt ?;Garcia Lorca
Ligne 11 direction Tournezy → La Martelle : après « Garcia Lorca », quel est le prochain arrêt ?;Cité de l'Arme
Ligne 11 direction Tournezy → La Martelle : après « Cité de l'Arme », quel est le prochain arrêt ?;Lucullus
Ligne 11 direction Tournezy → La Martelle : après « Lucullus », quel est le prochain arrêt ?;Collège Gérard Philipe
Ligne 11 direction Tournezy → La Martelle : après « Collège Gérard Philipe », quel est le prochain arrêt ?;Iris
Ligne 11 direction Tournezy → La Martelle : après « Iris », quel est le prochain arrêt ?;Cité Mion
Ligne 11 direction Tournezy → La Martelle : après « Cité Mion », quel est le prochain arrêt ?;Place Carnot
Ligne 11 direction Tournezy → La Martelle : après « Place Carnot », quel est le prochain arrêt ?;Henri René
Ligne 11 direction Tournezy → La Martelle : après « Henri René », quel est le prochain arrêt ?;Gare Saint-Roch - Pont de Sète
Ligne 11 direction Tournezy → La Martelle : après « Gare Saint-Roch - Pont de Sète », quel est le prochain arrêt ?;Rondelet
Ligne 11 direction Tournezy → La Martelle : après « Rondelet », quel est le prochain arrêt ?;Ernest Michel
Ligne 11 direction Tournezy → La Martelle : après « Ernest Michel », quel est le prochain arrêt ?;Place du 8 Mai 1945
Ligne 11 direction Tournezy → La Martelle : après « Place du 8 Mai 1945 », quel est le prochain arrêt ?;Pierre Galen
Ligne 11 direction Tournezy → La Martelle : après « Pierre Galen », quel est le prochain arrêt ?;Parc Montcalm
Ligne 11 direction Tournezy → La Martelle : après « Parc Montcalm », quel est le prochain arrêt ?;Chamberte - Les Roses
Ligne 11 direction Tournezy → La Martelle : après « Chamberte - Les Roses », quel est le prochain arrêt ?;Mas de Merle
Ligne 11 direction Tournezy → La Martelle : après « Mas de Merle », quel est le prochain arrêt ?;Étoile
Ligne 11 direction Tournezy → La Martelle : après « Étoile », quel est le prochain arrêt ?;Figairasse
Ligne 11 direction Tournezy → La Martelle : après « Figairasse », quel est le prochain arrêt ?;François Dezeuze
Ligne 11 direction Tournezy → La Martelle : après « François Dezeuze », quel est le prochain arrêt ?;Lycée Jules Ferry
Ligne 11 direction Tournezy → La Martelle : après « Lycée Jules Ferry », quel est le prochain arrêt ?;Martellière
Ligne 11 direction Tournezy → La Martelle : après « Martellière », quel est le prochain arrêt ?;Sophie Germain
Ligne 11 direction Tournezy → La Martelle : après « Sophie Germain », quel est le prochain arrêt ?;Alexandre Yersin
Ligne 11 direction Tournezy → La Martelle : après « Alexandre Yersin », quel est le prochain arrêt ?;Mourèze
Ligne 11 direction Tournezy → La Martelle : après « Mourèze », quel est le prochain arrêt ?;Valencia
Ligne 11 direction Tournezy → La Martelle : après « Valencia », quel est le prochain arrêt ?;Croix des Rosiers
Ligne 11 direction Tournezy → La Martelle : après « Croix des Rosiers », quel est le prochain arrêt ?;Grèzes
Ligne 11 direction Tournezy → La Martelle : après « Grèzes », quel est le prochain arrêt ?;La Martelle
Ligne 14 direction Léon Blum → Place de l'Europe : après « Léon Blum », quel est le prochain arrêt ?;Jean Mermoz
Ligne 14 direction Léon Blum → Place de l'Europe : après « Jean Mermoz », quel est le prochain arrêt ?;Les Aubes
Ligne 14 direction Léon Blum → Place de l'Europe : après « Les Aubes », quel est le prochain arrêt ?;Ernest Renan
Ligne 14 direction Léon Blum → Place de l'Europe : après « Ernest Renan », quel est le prochain arrêt ?;Pinsons
Ligne 14 direction Léon Blum → Place de l'Europe : après « Pinsons », quel est le prochain arrêt ?;Estragon
Ligne 14 direction Léon Blum → Place de l'Europe : après « Estragon », quel est le prochain arrêt ?;Boulevard des Sports
Ligne 14 direction Léon Blum → Place de l'Europe : après « Boulevard des Sports », quel est le prochain arrêt ?;Françoise
Ligne 14 direction Léon Blum → Place de l'Europe : après « Françoise », quel est le prochain arrêt ?;Saint-Maur
Ligne 14 direction Léon Blum → Place de l'Europe : après « Saint-Maur », quel est le prochain arrêt ?;Palombes
Ligne 14 direction Léon Blum → Place de l'Europe : après « Palombes », quel est le prochain arrêt ?;Foyer des Aubes
Ligne 14 direction Léon Blum → Place de l'Europe : après « Foyer des Aubes », quel est le prochain arrêt ?;Garigliano
Ligne 14 direction Léon Blum → Place de l'Europe : après « Garigliano », quel est le prochain arrêt ?;Jules Isaac
Ligne 14 direction Léon Blum → Place de l'Europe : après « Jules Isaac », quel est le prochain arrêt ?;Pastourelles
Ligne 14 direction Léon Blum → Place de l'Europe : après « Pastourelles », quel est le prochain arrêt ?;Apollo
Ligne 14 direction Léon Blum → Place de l'Europe : après « Apollo », quel est le prochain arrêt ?;Becquerel
Ligne 14 direction Léon Blum → Place de l'Europe : après « Becquerel », quel est le prochain arrêt ?;Walhalla
Ligne 14 direction Léon Blum → Place de l'Europe : après « Walhalla », quel est le prochain arrêt ?;Louis Lépine
Ligne 14 direction Léon Blum → Place de l'Europe : après « Louis Lépine », quel est le prochain arrêt ?;Volta Fizeau
Ligne 14 direction Léon Blum → Place de l'Europe : après « Volta Fizeau », quel est le prochain arrêt ?;Guglielmo Marconi
Ligne 14 direction Léon Blum → Place de l'Europe : après « Guglielmo Marconi », quel est le prochain arrêt ?;Évariste Galois
Ligne 14 direction Léon Blum → Place de l'Europe : après « Évariste Galois », quel est le prochain arrêt ?;Samuel Morse
Ligne 14 direction Léon Blum → Place de l'Europe : après « Samuel Morse », quel est le prochain arrêt ?;Odysseum
Ligne 14 direction Léon Blum → Place de l'Europe : après « Odysseum », quel est le prochain arrêt ?;Place de France
Ligne 14 direction Léon Blum → Place de l'Europe : après « Place de France », quel est le prochain arrêt ?;Millénaire
Ligne 14 direction Léon Blum → Place de l'Europe : après « Millénaire », quel est le prochain arrêt ?;Vauguières
Ligne 14 direction Léon Blum → Place de l'Europe : après « Vauguières », quel est le prochain arrêt ?;Parc de la Lironde
Ligne 14 direction Léon Blum → Place de l'Europe : après « Parc de la Lironde », quel est le prochain arrêt ?;Léon Cazal
Ligne 14 direction Léon Blum → Place de l'Europe : après « Léon Cazal », quel est le prochain arrêt ?;Pont Juvénal
Ligne 14 direction Léon Blum → Place de l'Europe : après « Pont Juvénal », quel est le prochain arrêt ?;Place de l'Europe
Ligne 14 direction Place de l'Europe → Léon Blum : après « Place de l'Europe », quel est le prochain arrêt ?;Pont Juvénal - Platon
Ligne 14 direction Place de l'Europe → Léon Blum : après « Pont Juvénal - Platon », quel est le prochain arrêt ?;Léon Cazal
Ligne 14 direction Place de l'Europe → Léon Blum : après « Léon Cazal », quel est le prochain arrêt ?;Parc de la Lironde
Ligne 14 direction Place de l'Europe → Léon Blum : après « Parc de la Lironde », quel est le prochain arrêt ?;Vauguières
Ligne 14 direction Place de l'Europe → Léon Blum : après « Vauguières », quel est le prochain arrêt ?;Millénaire
Ligne 14 direction Place de l'Europe → Léon Blum : après « Millénaire », quel est le prochain arrêt ?;Odysseum
Ligne 14 direction Place de l'Europe → Léon Blum : après « Odysseum », quel est le prochain arrêt ?;Place de France
Ligne 14 direction Place de l'Europe → Léon Blum : après « Place de France », quel est le prochain arrêt ?;Samuel Morse
Ligne 14 direction Place de l'Europe → Léon Blum : après « Samuel Morse », quel est le prochain arrêt ?;Évariste Galois
Ligne 14 direction Place de l'Europe → Léon Blum : après « Évariste Galois », quel est le prochain arrêt ?;Guglielmo Marconi
Ligne 14 direction Place de l'Europe → Léon Blum : après « Guglielmo Marconi », quel est le prochain arrêt ?;Volta Fizeau
Ligne 14 direction Place de l'Europe → Léon Blum : après « Volta Fizeau », quel est le prochain arrêt ?;Louis Lépine
Ligne 14 direction Place de l'Europe → Léon Blum : après « Louis Lépine », quel est le prochain arrêt ?;Walhalla
Ligne 14 direction Place de l'Europe → Léon Blum : après « Walhalla », quel est le prochain arrêt ?;Becquerel
Ligne 14 direction Place de l'Europe → Léon Blum : après « Becquerel », quel est le prochain arrêt ?;Apollo
Ligne 14 direction Place de l'Europe → Léon Blum : après « Apollo », quel est le prochain arrêt ?;Pastourelles
Ligne 14 direction Place de l'Europe → Léon Blum : après « Pastourelles », quel est le prochain arrêt ?;Jules Isaac
Ligne 14 direction Place de l'Europe → Léon Blum : après « Jules Isaac », quel est le prochain arrêt ?;Garigliano
Ligne 14 direction Place de l'Europe → Léon Blum : après « Garigliano », quel est le prochain arrêt ?;Foyer des Aubes
Ligne 14 direction Place de l'Europe → Léon Blum : après « Foyer des Aubes », quel est le prochain arrêt ?;Palombes
Ligne 14 direction Place de l'Europe → Léon Blum : après « Palombes », quel est le prochain arrêt ?;Saint-Maur
Ligne 14 direction Place de l'Europe → Léon Blum : après « Saint-Maur », quel est le prochain arrêt ?;Françoise
Ligne 14 direction Place de l'Europe → Léon Blum : après « Françoise », quel est le prochain arrêt ?;Boulevard des Sports
Ligne 14 direction Place de l'Europe → Léon Blum : après « Boulevard des Sports », quel est le prochain arrêt ?;Estragon
Ligne 14 direction Place de l'Europe → Léon Blum : après « Estragon », quel est le prochain arrêt ?;Pinsons
Ligne 14 direction Place de l'Europe → Léon Blum : après « Pinsons », quel est le prochain arrêt ?;Ernest Renan
Ligne 14 direction Place de l'Europe → Léon Blum : après « Ernest Renan », quel est le prochain arrêt ?;Les Aubes
Ligne 14 direction Place de l'Europe → Léon Blum : après « Les Aubes », quel est le prochain arrêt ?;Léon Blum
Ligne 53 direction Sabines → Saint-Cléophas : après « Sabines », quel est le prochain arrêt ?;Étienne Méhul
Ligne 53 direction Sabines → Saint-Cléophas : après « Étienne Méhul », quel est le prochain arrêt ?;Raymond Recouly
Ligne 53 direction Sabines → Saint-Cléophas : après « Raymond Recouly », quel est le prochain arrêt ?;Georges Onslow
Ligne 53 direction Sabines → Saint-Cléophas : après « Georges Onslow », quel est le prochain arrêt ?;Pont de Guerre
Ligne 53 direction Sabines → Saint-Cléophas : après « Pont de Guerre », quel est le prochain arrêt ?;Ettore Bugatti
Ligne 53 direction Sabines → Saint-Cléophas : après « Ettore Bugatti », quel est le prochain arrêt ?;TaM
Ligne 53 direction Sabines → Saint-Cléophas : après « TaM », quel est le prochain arrêt ?;Demeter
Ligne 53 direction Sabines → Saint-Cléophas : après « Demeter », quel est le prochain arrêt ?;Castelle
Ligne 53 direction Sabines → Saint-Cléophas : après « Castelle », quel est le prochain arrêt ?;Passerines
Ligne 53 direction Sabines → Saint-Cléophas : après « Passerines », quel est le prochain arrêt ?;Les Pins
Ligne 53 direction Sabines → Saint-Cléophas : après « Les Pins », quel est le prochain arrêt ?;Saint-Cléophas
Ligne 53 direction Saint-Cléophas → Sabines : après « Saint-Cléophas », quel est le prochain arrêt ?;Les Pins
Ligne 53 direction Saint-Cléophas → Sabines : après « Les Pins », quel est le prochain arrêt ?;Passerines
Ligne 53 direction Saint-Cléophas → Sabines : après « Passerines », quel est le prochain arrêt ?;Castelle
Ligne 53 direction Saint-Cléophas → Sabines : après « Castelle », quel est le prochain arrêt ?;Demeter
Ligne 53 direction Saint-Cléophas → Sabines : après « Demeter », quel est le prochain arrêt ?;TaM
Ligne 53 direction Saint-Cléophas → Sabines : après « TaM », quel est le prochain arrêt ?;Ettore Bugatti
Ligne 53 direction Saint-Cléophas → Sabines : après « Ettore Bugatti », quel est le prochain arrêt ?;Pont de Guerre
Ligne 53 direction Saint-Cléophas → Sabines : après « Pont de Guerre », quel est le prochain arrêt ?;Georges Onslow
Ligne 53 direction Saint-Cléophas → Sabines : après « Georges Onslow », quel est le prochain arrêt ?;Raymond Recouly
Ligne 53 direction Saint-Cléophas → Sabines : après « Raymond Recouly », quel est le prochain arrêt ?;Étienne Méhul
Ligne 53 direction Saint-Cléophas → Sabines : après « Étienne Méhul », quel est le prochain arrêt ?;Sabines
Ligne 16 direction Charles de Gaulle → Port Marianne : après « Charles de Gaulle », quel est le prochain arrêt ?;Pioch Pelat
Ligne 16 direction Charles de Gaulle → Port Marianne : après « Pioch Pelat », quel est le prochain arrêt ?;Mas de Rochet
Ligne 16 direction Charles de Gaulle → Port Marianne : après « Mas de Rochet », quel est le prochain arrêt ?;Apollo
Ligne 16 direction Charles de Gaulle → Port Marianne : après « Apollo », quel est le prochain arrêt ?;Pierre Laroque
Ligne 16 direction Charles de Gaulle → Port Marianne : après « Pierre Laroque », quel est le prochain arrêt ?;Semard
Ligne 16 direction Charles de Gaulle → Port Marianne : après « Semard », quel est le prochain arrêt ?;André Malraux
Ligne 16 direction Charles de Gaulle → Port Marianne : après « André Malraux », quel est le prochain arrêt ?;Marie Durand
Ligne 16 direction Charles de Gaulle → Port Marianne : après « Marie Durand », quel est le prochain arrêt ?;Saint-Jean
Ligne 16 direction Charles de Gaulle → Port Marianne : après « Saint-Jean », quel est le prochain arrêt ?;Colverts
Ligne 16 direction Charles de Gaulle → Port Marianne : après « Colverts », quel est le prochain arrêt ?;Paul Painlevé
Ligne 16 direction Charles de Gaulle → Port Marianne : après « Paul Painlevé », quel est le prochain arrêt ?;Place de l'Europe
Ligne 16 direction Charles de Gaulle → Port Marianne : après « Place de l'Europe », quel est le prochain arrêt ?;Pont Juvénal
Ligne 16 direction Charles de Gaulle → Port Marianne : après « Pont Juvénal », quel est le prochain arrêt ?;Port Marianne
Ligne 16 direction Port Marianne → Charles de Gaulle : après « Port Marianne », quel est le prochain arrêt ?;Pont Juvénal
Ligne 16 direction Port Marianne → Charles de Gaulle : après « Pont Juvénal », quel est le prochain arrêt ?;Place de l'Europe
Ligne 16 direction Port Marianne → Charles de Gaulle : après « Place de l'Europe », quel est le prochain arrêt ?;Paul Painlevé
Ligne 16 direction Port Marianne → Charles de Gaulle : après « Paul Painlevé », quel est le prochain arrêt ?;Colverts
Ligne 16 direction Port Marianne → Charles de Gaulle : après « Colverts », quel est le prochain arrêt ?;Saint-Jean
Ligne 16 direction Port Marianne → Charles de Gaulle : après « Saint-Jean », quel est le prochain arrêt ?;Marie Durand
Ligne 16 direction Port Marianne → Charles de Gaulle : après « Marie Durand », quel est le prochain arrêt ?;André Malraux
Ligne 16 direction Port Marianne → Charles de Gaulle : après « André Malraux », quel est le prochain arrêt ?;Semard
Ligne 16 direction Port Marianne → Charles de Gaulle : après « Semard », quel est le prochain arrêt ?;Pierre Laroque
Ligne 16 direction Port Marianne → Charles de Gaulle : après « Pierre Laroque », quel est le prochain arrêt ?;Apollo
Ligne 16 direction Port Marianne → Charles de Gaulle : après « Apollo », quel est le prochain arrêt ?;Mas de Rochet
Ligne 16 direction Port Marianne → Charles de Gaulle : après « Mas de Rochet », quel est le prochain arrêt ?;Pioch Pelat
Ligne 16 direction Port Marianne → Charles de Gaulle : après « Pioch Pelat », quel est le prochain arrêt ?;Charles de Gaulle
Ligne 8 direction Gare Saint-Roch - Pont de Sète → Centrayrargues : après « Gare Saint-Roch - Pont de Sète », quel est le prochain arrêt ?;Frédéric Bazille
Ligne 8 direction Gare Saint-Roch - Pont de Sète → Centrayrargues : après « Frédéric Bazille », quel est le prochain arrêt ?;Cité Mion - Bordes
Ligne 8 direction Gare Saint-Roch - Pont de Sète → Centrayrargues : après « Cité Mion - Bordes », quel est le prochain arrêt ?;Soleiado
Ligne 8 direction Gare Saint-Roch - Pont de Sète → Centrayrargues : après « Soleiado », quel est le prochain arrêt ?;Chambéry
Ligne 8 direction Gare Saint-Roch - Pont de Sète → Centrayrargues : après « Chambéry », quel est le prochain arrêt ?;Collège des Aiguerelles
Ligne 8 direction Gare Saint-Roch - Pont de Sète → Centrayrargues : après « Collège des Aiguerelles », quel est le prochain arrêt ?;Tourmalines
Ligne 8 direction Gare Saint-Roch - Pont de Sète → Centrayrargues : après « Tourmalines », quel est le prochain arrêt ?;Garcia Lorca
Ligne 8 direction Gare Saint-Roch - Pont de Sète → Centrayrargues : après « Garcia Lorca », quel est le prochain arrêt ?;Maréchal Leclerc
Ligne 8 direction Gare Saint-Roch - Pont de Sète → Centrayrargues : après « Maréchal Leclerc », quel est le prochain arrêt ?;Centrayrargues
Ligne 8 direction Centrayrargues → Gare Saint-Roch - Pont de Sète : après « Centrayrargues », quel est le prochain arrêt ?;Descartes
Ligne 8 direction Centrayrargues → Gare Saint-Roch - Pont de Sète : après « Descartes », quel est le prochain arrêt ?;Razeteurs
Ligne 8 direction Centrayrargues → Gare Saint-Roch - Pont de Sète : après « Razeteurs », quel est le prochain arrêt ?;Maréchal Leclerc
Ligne 8 direction Centrayrargues → Gare Saint-Roch - Pont de Sète : après « Maréchal Leclerc », quel est le prochain arrêt ?;Garcia Lorca
Ligne 8 direction Centrayrargues → Gare Saint-Roch - Pont de Sète : après « Garcia Lorca », quel est le prochain arrêt ?;Tourmalines
Ligne 8 direction Centrayrargues → Gare Saint-Roch - Pont de Sète : après « Tourmalines », quel est le prochain arrêt ?;Collège des Aiguerelles
Ligne 8 direction Centrayrargues → Gare Saint-Roch - Pont de Sète : après « Collège des Aiguerelles », quel est le prochain arrêt ?;Chambéry
Ligne 8 direction Centrayrargues → Gare Saint-Roch - Pont de Sète : après « Chambéry », quel est le prochain arrêt ?;Soleiado
Ligne 8 direction Centrayrargues → Gare Saint-Roch - Pont de Sète : après « Soleiado », quel est le prochain arrêt ?;Cité Mion
Ligne 8 direction Centrayrargues → Gare Saint-Roch - Pont de Sète : après « Cité Mion », quel est le prochain arrêt ?;Place Carnot
Ligne 8 direction Centrayrargues → Gare Saint-Roch - Pont de Sète : après « Place Carnot », quel est le prochain arrêt ?;Henri René
Ligne 8 direction Centrayrargues → Gare Saint-Roch - Pont de Sète : après « Henri René », quel est le prochain arrêt ?;Gare Saint-Roch - Pont de Sète
Ligne 52 direction Cimetière Saint-Étienne → Place de France : après « Cimetière Saint-Étienne », quel est le prochain arrêt ?;Grammont
Ligne 52 direction Cimetière Saint-Étienne → Place de France : après « Grammont », quel est le prochain arrêt ?;Zénith
Ligne 52 direction Cimetière Saint-Étienne → Place de France : après « Zénith », quel est le prochain arrêt ?;Georges Méliès
Ligne 52 direction Cimetière Saint-Étienne → Place de France : après « Georges Méliès », quel est le prochain arrêt ?;Odysseum
Ligne 52 direction Cimetière Saint-Étienne → Place de France : après « Odysseum », quel est le prochain arrêt ?;Place de France
Ligne 52 direction Place de France → Cimetière Saint-Étienne : après « Place de France », quel est le prochain arrêt ?;Georges Méliès
Ligne 52 direction Place de France → Cimetière Saint-Étienne : après « Georges Méliès », quel est le prochain arrêt ?;Zénith
Ligne 52 direction Place de France → Cimetière Saint-Étienne : après « Zénith », quel est le prochain arrêt ?;Grammont
Ligne 52 direction Place de France → Cimetière Saint-Étienne : après « Grammont », quel est le prochain arrêt ?;Cimetière Saint-Étienne
Ligne 19 direction Pierre de Coubertin → Hôtel du Département : après « Pierre de Coubertin », quel est le prochain arrêt ?;Mas de Bellevue
Ligne 19 direction Pierre de Coubertin → Hôtel du Département : après « Mas de Bellevue », quel est le prochain arrêt ?;Comté de Nice
Ligne 19 direction Pierre de Coubertin → Hôtel du Département : après « Comté de Nice », quel est le prochain arrêt ?;Corse
Ligne 19 direction Pierre de Coubertin → Hôtel du Département : après « Corse », quel est le prochain arrêt ?;Jacques Prévert
Ligne 19 direction Pierre de Coubertin → Hôtel du Département : après « Jacques Prévert », quel est le prochain arrêt ?;Collège Les Garrigues
Ligne 19 direction Pierre de Coubertin → Hôtel du Département : après « Collège Les Garrigues », quel est le prochain arrêt ?;Place d'Italie
Ligne 19 direction Pierre de Coubertin → Hôtel du Département : après « Place d'Italie », quel est le prochain arrêt ?;Carriéra
Ligne 19 direction Pierre de Coubertin → Hôtel du Département : après « Carriéra », quel est le prochain arrêt ?;Pierre Cardenal
Ligne 19 direction Pierre de Coubertin → Hôtel du Département : après « Pierre Cardenal », quel est le prochain arrêt ?;Comté de Toulouse
Ligne 19 direction Pierre de Coubertin → Hôtel du Département : après « Comté de Toulouse », quel est le prochain arrêt ?;Raimbaud d'Orange
Ligne 19 direction Pierre de Coubertin → Hôtel du Département : après « Raimbaud d'Orange », quel est le prochain arrêt ?;Hauts de Massane
Ligne 19 direction Pierre de Coubertin → Hôtel du Département : après « Hauts de Massane », quel est le prochain arrêt ?;Collège Les Escholiers
Ligne 19 direction Pierre de Coubertin → Hôtel du Département : après « Collège Les Escholiers », quel est le prochain arrêt ?;Uppsala
Ligne 19 direction Pierre de Coubertin → Hôtel du Département : après « Uppsala », quel est le prochain arrêt ?;Oxford
Ligne 19 direction Pierre de Coubertin → Hôtel du Département : après « Oxford », quel est le prochain arrêt ?;Lycée Léonard de Vinci - Pierresvives
Ligne 19 direction Pierre de Coubertin → Hôtel du Département : après « Lycée Léonard de Vinci - Pierresvives », quel est le prochain arrêt ?;Hôtel du Département
Ligne 19 direction Hôtel du Département → Pierre de Coubertin : après « Hôtel du Département », quel est le prochain arrêt ?;Parc Malbosc
Ligne 19 direction Hôtel du Département → Pierre de Coubertin : après « Parc Malbosc », quel est le prochain arrêt ?;Lycée Léonard de Vinci - Pierresvives
Ligne 19 direction Hôtel du Département → Pierre de Coubertin : après « Lycée Léonard de Vinci - Pierresvives », quel est le prochain arrêt ?;Oxford
Ligne 19 direction Hôtel du Département → Pierre de Coubertin : après « Oxford », quel est le prochain arrêt ?;Uppsala
Ligne 19 direction Hôtel du Département → Pierre de Coubertin : après « Uppsala », quel est le prochain arrêt ?;Collège Les Escholiers
Ligne 19 direction Hôtel du Département → Pierre de Coubertin : après « Collège Les Escholiers », quel est le prochain arrêt ?;Hauts de Massane
Ligne 19 direction Hôtel du Département → Pierre de Coubertin : après « Hauts de Massane », quel est le prochain arrêt ?;Raimbaud d'Orange
Ligne 19 direction Hôtel du Département → Pierre de Coubertin : après « Raimbaud d'Orange », quel est le prochain arrêt ?;Comté de Toulouse
Ligne 19 direction Hôtel du Département → Pierre de Coubertin : après « Comté de Toulouse », quel est le prochain arrêt ?;Pierre Cardenal
Ligne 19 direction Hôtel du Département → Pierre de Coubertin : après « Pierre Cardenal », quel est le prochain arrêt ?;Carriéra
Ligne 19 direction Hôtel du Département → Pierre de Coubertin : après « Carriéra », quel est le prochain arrêt ?;Place d'Italie
Ligne 19 direction Hôtel du Département → Pierre de Coubertin : après « Place d'Italie », quel est le prochain arrêt ?;Collège Les Garrigues
Ligne 19 direction Hôtel du Département → Pierre de Coubertin : après « Collège Les Garrigues », quel est le prochain arrêt ?;Jacques Prévert
Ligne 19 direction Hôtel du Département → Pierre de Coubertin : après « Jacques Prévert », quel est le prochain arrêt ?;Corse
Ligne 19 direction Hôtel du Département → Pierre de Coubertin : après « Corse », quel est le prochain arrêt ?;Comté de Nice
Ligne 19 direction Hôtel du Département → Pierre de Coubertin : après « Comté de Nice », quel est le prochain arrêt ?;Mas de Bellevue
Ligne 19 direction Hôtel du Département → Pierre de Coubertin : après « Mas de Bellevue », quel est le prochain arrêt ?;Pierre de Coubertin
