Quelles lignes de bus desservent l'arrêt « Les Bouisses » ?;15, 17
Quelles lignes de bus desservent l'arrêt « Parc Font-Colombe » ?;15, 17
Quelles lignes de bus desservent l'arrêt « Georges Danton » ?;17
Quelles lignes de bus desservent l'arrêt « Estanove » ?;17
Quelles lignes de bus desservent l'arrêt « Lavandin » ?;17
Quelles lignes de bus desservent l'arrêt « Winston Churchill » ?;17
Quelles lignes de bus desservent l'arrêt « Vivaldi » ?;17
Quelles lignes de bus desservent l'arrêt « Puccini » ?;17
Quelles lignes de bus desservent l'arrêt « Irissou » ?;17
Quelles lignes de bus desservent l'arrêt « Bugarel » ?;15, 17
Quelles lignes de bus desservent l'arrêt « Le Grand M » ?;15, 17
Quelles lignes de bus desservent l'arrêt « Avenue de Toulouse » ?;17
Quelles lignes de bus desservent l'arrêt « Ronceray » ?;17
Quelles lignes de bus desservent l'arrêt « Georges Brassens » ?;17
Quelles lignes de bus desservent l'arrêt « Guillaume Janvier » ?;17
Quelles lignes de bus desservent l'arrêt « Mas Drevon » ?;17
Quelles lignes de bus desservent l'arrêt « Stade Sabathé » ?;17
Quelles lignes de bus desservent l'arrêt « Ernest Michel » ?;11, 17
Quelles lignes de bus desservent l'arrêt « Rondelet » ?;17
Quelles lignes de bus desservent l'arrêt « Gare Saint-Roch - Pont de Sète » ?;17
Quelles lignes de bus desservent l'arrêt « Rondelet » ?;17
Quelles lignes de bus desservent l'arrêt « Ernest Michel » ?;11, 17
Quelles lignes de bus desservent l'arrêt « Stade Sabathé » ?;17
Quelles lignes de bus desservent l'arrêt « Mas Drevon » ?;17
Quelles lignes de bus desservent l'arrêt « Guillaume Janvier » ?;17
Quelles lignes de bus desservent l'arrêt « Georges Brassens » ?;17
Quelles lignes de bus desservent l'arrêt « Ronceray » ?;17
Quelles lignes de bus desservent l'arrêt « Avenue de Toulouse » ?;17
Quelles lignes de bus desservent l'arrêt « Le Grand M » ?;17
Quelles lignes de bus desservent l'arrêt « Bugarel » ?;15, 17
Quelles lignes de bus desservent l'arrêt « Irissou » ?;17
Quelles lignes de bus desservent l'arrêt « Puccini » ?;17
Quelles lignes de bus desservent l'arrêt « Vivaldi » ?;17
Quelles lignes de bus desservent l'arrêt « Winston Churchill » ?;17
Quelles lignes de bus desservent l'arrêt « Lavandin » ?;17
Quelles lignes de bus desservent l'arrêt « Estanove » ?;17
Quelles lignes de bus desservent l'arrêt « Georges Danton » ?;17
Quelles lignes de bus desservent l'arrêt « Parc Font-Colombe » ?;15, 17
Quelles lignes de bus desservent l'arrêt « Les Bouisses » ?;17
Quelles lignes de bus desservent l'arrêt « Albert 1er - Jardin des Plantes » ?;6, 7
Quelles lignes de bus desservent l'arrêt « Peyrou - Arc de Triomphe » ?;6
Quelles lignes de bus desservent l'arrêt « Max Rouquette - Assas » ?;10, 6
Quelles lignes de bus desservent l'arrêt « Sainte-Thérèse » ?;6
Quelles lignes de bus desservent l'arrêt « Collège Camille Claudel » ?;6
Quelles lignes de bus desservent l'arrêt « La Gaillarde » ?;6
Quelles lignes de bus desservent l'arrêt « Pierre Viala » ?;6
Quelles lignes de bus desservent l'arrêt « Louis Ravaz » ?;6
Quelles lignes de bus desservent l'arrêt « Las Rébès » ?;6
Quelles lignes de bus desservent l'arrêt « Cévennes » ?;6
Quelles lignes de bus desservent l'arrêt « Sainte-Geneviève » ?;6
Quelles lignes de bus desservent l'arrêt « Alco » ?;6
Quelles lignes de bus desservent l'arrêt « Château d'Ô » ?;6, 7
Quelles lignes de bus desservent l'arrêt « Saint-Priest » ?;6
Quelles lignes de bus desservent l'arrêt « Occitanie Hôpitaux - Facultés » ?;6
Quelles lignes de bus desservent l'arrêt « Ambroise Paré » ?;13, 6
Quelles lignes de bus desservent l'arrêt « Route de Ganges » ?;6
Quelles lignes de bus desservent l'arrêt « Antennes » ?;6
Quelles lignes de bus desservent l'arrêt « Val d'Aurelle » ?;6
Quelles lignes de bus desservent l'arrêt « Apothicaires » ?;6
Quelles lignes de bus desservent l'arrêt « Puech Villa » ?;6
Quelles lignes de bus desservent l'arrêt « Euromédecine » ?;6
Quelles lignes de bus desservent l'arrêt « Appel du 18 Juin » ?;6
Quelles lignes de bus desservent l'arrêt « Puech Villa » ?;6
Quelles lignes de bus desservent l'arrêt « Apothicaires » ?;6
Quelles lignes de bus desservent l'arrêt « Val d'Aurelle » ?;6
Quelles lignes de bus desservent l'arrêt « Antennes » ?;6
Quelles lignes de bus desservent l'arrêt « Route de Ganges » ?;6
Quelles lignes de bus desservent l'arrêt « Ambroise Paré » ?;13, 6
Quelles lignes de bus desservent l'arrêt « Occitanie Hôpitaux - Facultés » ?;6
Quelles lignes de bus desservent l'arrêt « Saint-Priest » ?;6
Quelles lignes de bus desservent l'arrêt « Château d'Ô » ?;6
Quelles lignes de bus desservent l'arrêt « Jean Bart » ?;6, 7
Quelles lignes de bus desservent l'arrêt « Alco » ?;6
Quelles lignes de bus desservent l'arrêt « Sainte-Geneviève » ?;6
Quelles lignes de bus desservent l'arrêt « Cévennes » ?;6
Quelles lignes de bus desservent l'arrêt « Las Rébès » ?;6
Quelles lignes de bus desservent l'arrêt « Louis Ravaz » ?;6
Quelles lignes de bus desservent l'arrêt « Pierre Viala » ?;6
Quelles lignes de bus desservent l'arrêt « La Gaillarde » ?;6
Quelles lignes de bus desservent l'arrêt « Collège Camille Claudel » ?;6
Quelles lignes de bus desservent l'arrêt « Sainte-Thérèse » ?;6
Quelles lignes de bus desservent l'arrêt « Max Rouquette - Assas » ?;6
Quelles lignes de bus desservent l'arrêt « Peyrou - Arc de Triomphe » ?;6
Quelles lignes de bus desservent l'arrêt « Albert 1er - Jardin des Plantes » ?;6, 7
Quelles lignes de bus desservent l'arrêt « Hôtel du Département » ?;19, 7
Quelles lignes de bus desservent l'arrêt « Lycée Jean Monnet » ?;7
Quelles lignes de bus desservent l'arrêt « Pléiade » ?;7
Quelles lignes de bus desservent l'arrêt « Font Trouvé » ?;7
Quelles lignes de bus desservent l'arrêt « Gardioles » ?;7
Quelles lignes de bus desservent l'arrêt « Cervantès » ?;7
Quelles lignes de bus desservent l'arrêt « La Source » ?;7
Quelles lignes de bus desservent l'arrêt « Cité Roger » ?;7
Quelles lignes de bus desservent l'arrêt « Pous de la Sers » ?;7
Quelles lignes de bus desservent l'arrêt « Maison des Sports » ?;7
Quelles lignes de bus desservent l'arrêt « Auguste Broussonnet » ?;7
Quelles lignes de bus desservent l'arrêt « La Pile » ?;10, 7
Quelles lignes de bus desservent l'arrêt « Maison des Sports » ?;7
Quelles lignes de bus desservent l'arrêt « Pous de la Sers » ?;7
Quelles lignes de bus desservent l'arrêt « Cité Roger » ?;7
Quelles lignes de bus desservent l'arrêt « La Source » ?;7
Quelles lignes de bus desservent l'arrêt « Cervantès » ?;7
Quelles lignes de bus desservent l'arrêt « Gardioles » ?;7
Quelles lignes de bus desservent l'arrêt « Mûriers » ?;7
Quelles lignes de bus desservent l'arrêt « Font Trouvé » ?;7
Quelles lignes de bus desservent l'arrêt « Pléiade » ?;7
Quelles lignes de bus desservent l'arrêt « Château d'Ô » ?;7
Quelles lignes de bus desservent l'arrêt « Lycée Jean Monnet » ?;7
Quelles lignes de bus desservent l'arrêt « Hôtel du Département » ?;19, 7
Quelles lignes de bus desservent l'arrêt « Occitanie Hôpitaux - Facultés » ?;13
Quelles lignes de bus desservent l'arrêt « Pic Saint-Loup » ?;13
Quelles lignes de bus desservent l'arrêt « Jean Baumel » ?;13
Quelles lignes de bus desservent l'arrêt « Ecole d'Architecture » ?;13
Quelles lignes de bus desservent l'arrêt « École de Chimie » ?;13
Quelles lignes de bus desservent l'arrêt « Pôle Chimie Balard » ?;13
Quelles lignes de bus desservent l'arrêt « Lavalette » ?;13
Quelles lignes de bus desservent l'arrêt « Zoo » ?;13
Quelles lignes de bus desservent l'arrêt « René Bougnol » ?;13
Quelles lignes de bus desservent l'arrêt « Aiguelongue - Jussieu » ?;13
Quelles lignes de bus desservent l'arrêt « Jean Rostand » ?;13
Quelles lignes de bus desservent l'arrêt « Pioch de Boutonnet » ?;13
Quelles lignes de bus desservent l'arrêt « Chantecler » ?;13
Quelles lignes de bus desservent l'arrêt « Alpilles » ?;13
Quelles lignes de bus desservent l'arrêt « Clolus » ?;13
Quelles lignes de bus desservent l'arrêt « Bengalis » ?;13
Quelles lignes de bus desservent l'arrêt « Roqueturière » ?;13
Quelles lignes de bus desservent l'arrêt « Maurice Chevalier » ?;13
Quelles lignes de bus desservent l'arrêt « Saint-Lazare » ?;13
Quelles lignes de bus desservent l'arrêt « Charles de Gaulle » ?;13, 15
Quelles lignes de bus desservent l'arrêt « Charles de Gaulle » ?;13, 15
Quelles lignes de bus desservent l'arrêt « Saint-Lazare » ?;13
Quelles lignes de bus desservent l'arrêt « Maurice Chevalier » ?;13
Quelles lignes de bus desservent l'arrêt « Roqueturière » ?;13
Quelles lignes de bus desservent l'arrêt « Bengalis » ?;13
Quelles lignes de bus desservent l'arrêt « Clolus » ?;13
Quelles lignes de bus desservent l'arrêt « Alpilles » ?;13
Quelles lignes de bus desservent l'arrêt « Chantecler » ?;13
Quelles lignes de bus desservent l'arrêt « Pioch de Boutonnet » ?;13
Quelles lignes de bus desservent l'arrêt « Jean Rostand » ?;13
Quelles lignes de bus desservent l'arrêt « Aiguelongue - Jussieu » ?;13
Quelles lignes de bus desservent l'arrêt « René Bougnol » ?;13
Quelles lignes de bus desservent l'arrêt « Zoo » ?;13
Quelles lignes de bus desservent l'arrêt « Lavalette » ?;13
Quelles lignes de bus desservent l'arrêt « Pôle Chimie Balard » ?;13
Quelles lignes de bus desservent l'arrêt « École de Chimie » ?;13
Quelles lignes de bus desservent l'arrêt « Ecole d'Architecture » ?;13
Quelles lignes de bus desservent l'arrêt « Jean Baumel » ?;13
Quelles lignes de bus desservent l'arrêt « Pic Saint-Loup » ?;13
Quelles lignes de bus desservent l'arrêt « Gare Sud de France » ?;15
Quelles lignes de bus desservent l'arrêt « Lycée Pierre Mendès France » ?;15
Quelles lignes de bus desservent l'arrêt « Pénélope » ?;15
Quelles lignes de bus desservent l'arrêt « Millénaire » ?;14, 15
Quelles lignes de bus desservent l'arrêt « Vauguières » ?;14, 15
Quelles lignes de bus desservent l'arrêt « Parc de la Lironde » ?;14, 15
Quelles lignes de bus desservent l'arrêt « Lagoya » ?;15
Quelles lignes de bus desservent l'arrêt « Pinville » ?;15
Quelles lignes de bus desservent l'arrêt « Goélands » ?;15
Quelles lignes de bus desservent l'arrêt « Semard » ?;15
Quelles lignes de bus desservent l'arrêt « Pierre Laroque » ?;15, 16
Quelles lignes de bus desservent l'arrêt « Pastourelles » ?;14, 15
Quelles lignes de bus desservent l'arrêt « Jules Isaac » ?;14, 15
Quelles lignes de bus desservent l'arrêt « Petit Vichy » ?;15
Quelles lignes de bus desservent l'arrêt « La Pompignane - Les Lacs » ?;15
Quelles lignes de bus desservent l'arrêt « Charles de Gaulle » ?;15, 16
Quelles lignes de bus desservent l'arrêt « Saint-Lazare » ?;15
Quelles lignes de bus desservent l'arrêt « Aiguelongue » ?;15
Quelles lignes de bus desservent l'arrêt « Tourterelles » ?;15
Quelles lignes de bus desservent l'arrêt « Sainte-Catherine » ?;15
Quelles lignes de bus desservent l'arrêt « Major Flandre » ?;15
Quelles lignes de bus desservent l'arrêt « Henri Dunant » ?;15
Quelles lignes de bus desservent l'arrêt « Saint-Éloi » ?;15
Quelles lignes de bus desservent l'arrêt « Fac de Pharmacie » ?;15
Quelles lignes de bus desservent l'arrêt « Voie Domitienne » ?;15
Quelles lignes de bus desservent l'arrêt « Cinsaults » ?;15
Quelles lignes de bus desservent l'arrêt « Henri Marès » ?;15
Quelles lignes de bus desservent l'arrêt « Louis Ravaz » ?;15
Quelles lignes de bus desservent l'arrêt « Rièges » ?;15
Quelles lignes de bus desservent l'arrêt « Jean Calvin » ?;15
Quelles lignes de bus desservent l'arrêt « Belvédère » ?;10, 15
Quelles lignes de bus desservent l'arrêt « Tonnelles » ?;15
Quelles lignes de bus desservent l'arrêt « Lycée Jules Ferry » ?;11, 15
Quelles lignes de bus desservent l'arrêt « Martellière » ?;11, 15
Quelles lignes de bus desservent l'arrêt « Sophie Germain » ?;11, 15
Quelles lignes de bus desservent l'arrêt « Ormeaux » ?;15
Quelles lignes de bus desservent l'arrêt « Collège Marcel Pagnol » ?;15
Quelles lignes de bus desservent l'arrêt « Mas de Bagnères » ?;15
Quelles lignes de bus desservent l'arrêt « Sabines » ?;15
Quelles lignes de bus desservent l'arrêt « Mas de Bagnères » ?;15
Quelles lignes de bus desservent l'arrêt « Le Grand M » ?;15
Quelles lignes de bus desservent l'arrêt « Collège Marcel Pagnol » ?;15
Quelles lignes de bus desservent l'arrêt « Les Bouisses » ?;15
Quelles lignes de bus desservent l'arrêt « Ormeaux » ?;15
Quelles lignes de bus desservent l'arrêt « Sophie Germain » ?;11, 15
Quelles lignes de bus desservent l'arrêt « Martellière » ?;11, 15
Quelles lignes de bus desservent l'arrêt « Lycée Jules Ferry » ?;11, 15
Quelles lignes de bus desservent l'arrêt « Tonnelles » ?;15
Quelles lignes de bus desservent l'arrêt « Belvédère » ?;10, 15
Quelles lignes de bus desservent l'arrêt « Jean Calvin » ?;15
Quelles lignes de bus desservent l'arrêt « Rièges » ?;15
Quelles lignes de bus desservent l'arrêt « Louis Ravaz » ?;15
Quelles lignes de bus desservent l'arrêt « Henri Marès » ?;15
Quelles lignes de bus desservent l'arrêt « Cinsaults » ?;15
Quelles lignes de bus desservent l'arrêt « Voie Domitienne » ?;15
Quelles lignes de bus desservent l'arrêt « Fac de Pharmacie » ?;15
Quelles lignes de bus desservent l'arrêt « Saint-Éloi » ?;15
Quelles lignes de bus desservent l'arrêt « Henri Dunant » ?;15
Quelles lignes de bus desservent l'arrêt « Major Flandre » ?;15
Quelles lignes de bus desservent l'arrêt « Sainte-Catherine » ?;15
Quelles lignes de bus desservent l'arrêt « Tourterelles » ?;15
Quelles lignes de bus desservent l'arrêt « Aiguelongue » ?;15
Quelles lignes de bus desservent l'arrêt « Saint-Lazare » ?;15
Quelles lignes de bus desservent l'arrêt « Charles de Gaulle » ?;15, 16
Quelles lignes de bus desservent l'arrêt « La Pompignane - Les Lacs » ?;15
Quelles lignes de bus desservent l'arrêt « Petit Vichy » ?;15
Quelles lignes de bus desservent l'arrêt « Jules Isaac » ?;14, 15
Quelles lignes de bus desservent l'arrêt « Pastourelles » ?;14, 15
Quelles lignes de bus desservent l'arrêt « Pierre Laroque » ?;15, 16
Quelles lignes de bus desservent l'arrêt « Semard » ?;15
Quelles lignes de bus desservent l'arrêt « Goélands » ?;15
Quelles lignes de bus desservent l'arrêt « Pinville » ?;15
Quelles lignes de bus desservent l'arrêt « Lagoya » ?;15
Quelles lignes de bus desservent l'arrêt « Parc de la Lironde » ?;14, 15
Quelles lignes de bus desservent l'arrêt « Vauguières » ?;14, 15
Quelles lignes de bus desservent l'arrêt « Millénaire » ?;14, 15
Quelles lignes de bus desservent l'arrêt « Pénélope » ?;15
Quelles lignes de bus desservent l'arrêt « Lycée Pierre Mendès France » ?;15
Quelles lignes de bus desservent l'arrêt « Gare Sud de France » ?;15
Quelles lignes de bus desservent l'arrêt « Cimetière Saint-Lazare » ?;10
Quelles lignes de bus desservent l'arrêt « Montasinos » ?;10
Quelles lignes de bus desservent l'arrêt « Nazareth » ?;10
Quelles lignes de bus desservent l'arrêt « Marie Caizergues » ?;10
Quelles lignes de bus desservent l'arrêt « Sainte-Odile » ?;10
Quelles lignes de bus desservent l'arrêt « Boutonnet - Cité des Arts » ?;10
Quelles lignes de bus desservent l'arrêt « Hippolyte Rech » ?;10
Quelles lignes de bus desservent l'arrêt « Portalière des Masques » ?;10
Quelles lignes de bus desservent l'arrêt « Max Rouquette - Saint-Louis » ?;10
Quelles lignes de bus desservent l'arrêt « Glycines » ?;10
Quelles lignes de bus desservent l'arrêt « Benjamin Milhaud » ?;10
Quelles lignes de bus desservent l'arrêt « Louvain » ?;10
Quelles lignes de bus desservent l'arrêt « Érables » ?;10
Quelles lignes de bus desservent l'arrêt « Las Sorbes » ?;10
Quelles lignes de bus desservent l'arrêt « Saint-Gabriel » ?;10
Quelles lignes de bus desservent l'arrêt « Espérance » ?;10
Quelles lignes de bus desservent l'arrêt « Las Cazes » ?;10
Quelles lignes de bus desservent l'arrêt « Saint-Clément » ?;10
Quelles lignes de bus desservent l'arrêt « Tonnelles » ?;10
Quelles lignes de bus desservent l'arrêt « Petit Bard » ?;10
Quelles lignes de bus desservent l'arrêt « Marie Curie » ?;10
Quelles lignes de bus desservent l'arrêt « Renaudel » ?;10
Quelles lignes de bus desservent l'arrêt « Celleneuve » ?;10
Quelles lignes de bus desservent l'arrêt « Celleneuve » ?;10
Quelles lignes de bus desservent l'arrêt « Renaudel » ?;10
Quelles lignes de bus desservent l'arrêt « Marie Curie » ?;10
Quelles lignes de bus desservent l'arrêt « Petit Bard » ?;10
Quelles lignes de bus desservent l'arrêt « Tonnelles » ?;10
Quelles lignes de bus desservent l'arrêt « Saint-Clément » ?;10
Quelles lignes de bus desservent l'arrêt « Las Cazes » ?;10
Quelles lignes de bus desservent l'arrêt « Espérance » ?;10
Quelles lignes de bus desservent l'arrêt « Saint-Gabriel » ?;10
Quelles lignes de bus desservent l'arrêt « Las Sorbes » ?;10
Quelles lignes de bus desservent l'arrêt « Érables » ?;10
Quelles lignes de bus desservent l'arrêt « Louvain » ?;10
Quelles lignes de bus desservent l'arrêt « Benjamin Milhaud » ?;10
Quelles lignes de bus desservent l'arrêt « Glycines » ?;10
Quelles lignes de bus desservent l'arrêt « Max Rouquette - Paladilhe » ?;10
Quelles lignes de bus desservent l'arrêt « Saint-Jaumes » ?;10
Quelles lignes de bus desservent l'arrêt « Hippolyte Rech » ?;10
Quelles lignes de bus desservent l'arrêt « Boutonnet - Cité des Arts » ?;10
Quelles lignes de bus desservent l'arrêt « Sainte-Odile » ?;10
Quelles lignes de bus desservent l'arrêt « Marie Caizergues » ?;10
Quelles lignes de bus desservent l'arrêt « Nazareth » ?;10
Quelles lignes de bus desservent l'arrêt « Montasinos » ?;10
Quelles lignes de bus desservent l'arrêt « La Martelle » ?;11
Quelles lignes de bus desservent l'arrêt « Grèzes » ?;11
Quelles lignes de bus desservent l'arrêt « Croix des Rosiers » ?;11
Quelles lignes de bus desservent l'arrêt « Mourèze » ?;11
Quelles lignes de bus desservent l'arrêt « Alexandre Yersin » ?;11
Quelles lignes de bus desservent l'arrêt « François Dezeuze » ?;11
Quelles lignes de bus desservent l'arrêt « Figairasse » ?;11
Quelles lignes de bus desservent l'arrêt « Étoile » ?;11
Quelles lignes de bus desservent l'arrêt « Mas de Merle » ?;11
Quelles lignes de bus desservent l'arrêt « Cité Créative » ?;11
Quelles lignes de bus desservent l'arrêt « Croix du Capitaine » ?;11
Quelles lignes de bus desservent l'arrêt « Place du 8 Mai 1945 » ?;11
Quelles lignes de bus desservent l'arrêt « Rondelet » ?;11
Quelles lignes de bus desservent l'arrêt « Gare Saint-Roch - Pont de Sète » ?;11
Quelles lignes de bus desservent l'arrêt « Frédéric Bazille » ?;11, 8
Quelles lignes de bus desservent l'arrêt « Cité Mion » ?;11
Quelles lignes de bus desservent l'arrêt « Iris » ?;11
Quelles lignes de bus desservent l'arrêt « Collège Gérard Philipe » ?;11
Quelles lignes de bus desservent l'arrêt « Lucullus » ?;11
Quelles lignes de bus desservent l'arrêt « Cité de l'Arme » ?;11
Quelles lignes de bus desservent l'arrêt « Garcia Lorca » ?;11
Quelles lignes de bus desservent l'arrêt « Mas Argelliers » ?;11
Quelles lignes de bus desservent l'arrêt « Saporta » ?;11
Quelles lignes de bus desservent l'arrêt « Mas Saint-Pierre » ?;11
Quelles lignes de bus desservent l'arrêt « Tournezy » ?;11
Quelles lignes de bus desservent l'arrêt « Mas Saint-Pierre » ?;11
Quelles lignes de bus desservent l'arrêt « Saporta » ?;11
Quelles lignes de bus desservent l'arrêt « Mas Argelliers » ?;11
Quelles lignes de bus desservent l'arrêt « Garcia Lorca » ?;11
Quelles lignes de bus desservent l'arrêt « Cité de l'Arme » ?;11
Quelles lignes de bus desservent l'arrêt « Lucullus » ?;11
Quelles lignes de bus desservent l'arrêt « Collège Gérard Philipe » ?;11
Quelles lignes de bus desservent l'arrêt « Iris » ?;11
Quelles lignes de bus desservent l'arrêt « Cité Mion » ?;11, 8
Quelles lignes de bus desservent l'arrêt « Place Carnot » ?;11, 8
Quelles lignes de bus desservent l'arrêt « Henri René » ?;11, 8
Quelles lignes de bus desservent l'arrêt « Gare Saint-Roch - Pont de Sète » ?;11, 8
Quelles lignes de bus desservent l'arrêt « Rondelet » ?;11
Quelles lignes de bus desservent l'arrêt « Place du 8 Mai 1945 » ?;11
Quelles lignes de bus desservent l'arrêt « Pierre Galen » ?;11
Quelles lignes de bus desservent l'arrêt « Parc Montcalm » ?;11
Quelles lignes de bus desservent l'arrêt « Chamberte - Les Roses » ?;11
Quelles lignes de bus desservent l'arrêt « Mas de Merle » ?;11
Quelles lignes de bus desservent l'arrêt « Étoile » ?;11
Quelles lignes de bus desservent l'arrêt « Figairasse » ?;11
Quelles lignes de bus desservent l'arrêt « François Dezeuze » ?;11
Quelles lignes de bus desservent l'arrêt « Alexandre Yersin » ?;11
Quelles lignes de bus desservent l'arrêt « Mourèze » ?;11
Quelles lignes de bus desservent l'arrêt « Valencia » ?;11
Quelles lignes de bus desservent l'arrêt « Croix des Rosiers » ?;11
Quelles lignes de bus desservent l'arrêt « Grèzes » ?;11
Quelles lignes de bus desservent l'arrêt « La Martelle » ?;11
Quelles lignes de bus desservent l'arrêt « Léon Blum » ?;14
Quelles lignes de bus desservent l'arrêt « Jean Mermoz » ?;14
Quelles lignes de bus desservent l'arrêt « Les Aubes » ?;14
Quelles lignes de bus desservent l'arrêt « Ernest Renan » ?;14
Quelles lignes de bus desservent l'arrêt « Pinsons » ?;14
Quelles lignes de bus desservent l'arrêt « Estragon » ?;14
Quelles lignes de bus desservent l'arrêt « Boulevard des Sports » ?;14
Quelles lignes de bus desservent l'arrêt « Françoise » ?;14
Quelles lignes de bus desservent l'arrêt « Saint-Maur » ?;14
Quelles lignes de bus desservent l'arrêt « Palombes » ?;14
Quelles lignes de bus desservent l'arrêt « Foyer des Aubes » ?;14
Quelles lignes de bus desservent l'arrêt « Garigliano » ?;14
Quelles lignes de bus desservent l'arrêt « Apollo » ?;14, 16
Quelles lignes de bus desservent l'arrêt « Becquerel » ?;14
Quelles lignes de bus desservent l'arrêt « Walhalla » ?;14
Quelles lignes de bus desservent l'arrêt « Louis Lépine » ?;14
Quelles lignes de bus desservent l'arrêt « Volta Fizeau » ?;14
Quelles lignes de bus desservent l'arrêt « Guglielmo Marconi » ?;14
Quelles lignes de bus desservent l'arrêt « Évariste Galois » ?;14
Quelles lignes de bus desservent l'arrêt « Samuel Morse » ?;14
Quelles lignes de bus desservent l'arrêt « Odysseum » ?;14
Quelles lignes de bus desservent l'arrêt « Place de France » ?;14
Quelles lignes de bus desservent l'arrêt « Léon Cazal » ?;14
Quelles lignes de bus desservent l'arrêt « Pont Juvénal » ?;14, 16
Quelles lignes de bus desservent l'arrêt « Place de l'Europe » ?;14
Quelles lignes de bus desservent l'arrêt « Place de l'Europe » ?;14
Quelles lignes de bus desservent l'arrêt « Pont Juvénal - Platon » ?;14
Quelles lignes de bus desservent l'arrêt « Léon Cazal » ?;14
Quelles lignes de bus desservent l'arrêt « Odysseum » ?;14, 52
Quelles lignes de bus desservent l'arrêt « Place de France » ?;14, 52
Quelles lignes de bus desservent l'arrêt « Samuel Morse » ?;14
Quelles lignes de bus desservent l'arrêt « Évariste Galois » ?;14
Quelles lignes de bus desservent l'arrêt « Guglielmo Marconi » ?;14
Quelles lignes de bus desservent l'arrêt « Volta Fizeau » ?;14
Quelles lignes de bus desservent l'arrêt « Louis Lépine » ?;14
Quelles lignes de bus desservent l'arrêt « Walhalla » ?;14
Quelles lignes de bus desservent l'arrêt « Becquerel » ?;14
Quelles lignes de bus desservent l'arrêt « Apollo » ?;14, 16
Quelles lignes de bus desservent l'arrêt « Garigliano » ?;14
Quelles lignes de bus desservent l'arrêt « Foyer des Aubes » ?;14
Quelles lignes de bus desservent l'arrêt « Palombes » ?;14
Quelles lignes de bus desservent l'arrêt « Saint-Maur » ?;14
Quelles lignes de bus desservent l'arrêt « Françoise » ?;14
Quelles lignes de bus desservent l'arrêt « Boulevard des Sports » ?;14
Quelles lignes de bus desservent l'arrêt « Estragon » ?;14
Quelles lignes de bus desservent l'arrêt « Pinsons » ?;14
Quelles lignes de bus desservent l'arrêt « Ernest Renan » ?;14
Quelles lignes de bus desservent l'arrêt « Les Aubes » ?;14
Quelles lignes de bus desservent l'arrêt « Sabines » ?;53
Quelles lignes de bus desservent l'arrêt « Étienne Méhul » ?;53
Quelles lignes de bus desservent l'arrêt « Raymond Recouly » ?;53
Quelles lignes de bus desservent l'arrêt « Georges Onslow » ?;53
Quelles lignes de bus desservent l'arrêt « Pont de Guerre » ?;53
Quelles lignes de bus desservent l'arrêt « Ettore Bugatti » ?;53
Quelles lignes de bus desservent l'arrêt « TaM » ?;53
Quelles lignes de bus desservent l'arrêt « Demeter » ?;53
Quelles lignes de bus desservent l'arrêt « Castelle » ?;53
Quelles lignes de bus desservent l'arrêt « Passerines » ?;53
Quelles lignes de bus desservent l'arrêt « Les Pins » ?;53
Quelles lignes de bus desservent l'arrêt « Saint-Cléophas » ?;53
Quelles lignes de bus desservent l'arrêt « Saint-Cléophas » ?;53
Quelles lignes de bus desservent l'arrêt « Les Pins » ?;53
Quelles lignes de bus desservent l'arrêt « Passerines » ?;53
Quelles lignes de bus desservent l'arrêt « Castelle » ?;53
Quelles lignes de bus desservent l'arrêt « Demeter » ?;53
Quelles lignes de bus desservent l'arrêt « TaM » ?;53
Quelles lignes de bus desservent l'arrêt « Ettore Bugatti » ?;53
Quelles lignes de bus desservent l'arrêt « Pont de Guerre » ?;53
Quelles lignes de bus desservent l'arrêt « Georges Onslow » ?;53
Quelles lignes de bus desservent l'arrêt « Raymond Recouly » ?;53
Quelles lignes de bus desservent l'arrêt « Étienne Méhul » ?;53
Quelles lignes de bus desservent l'arrêt « Pioch Pelat » ?;16
Quelles lignes de bus desservent l'arrêt « Mas de Rochet » ?;16
Quelles lignes de bus desservent l'arrêt « Semard » ?;16
Quelles lignes de bus desservent l'arrêt « André Malraux » ?;16
Quelles lignes de bus desservent l'arrêt « Marie Durand » ?;16
Quelles lignes de bus desservent l'arrêt « Saint-Jean » ?;16
Quelles lignes de bus desservent l'arrêt « Colverts » ?;16
Quelles lignes de bus desservent l'arrêt « Paul Painlevé » ?;16
Quelles lignes de bus desservent l'arrêt « Place de l'Europe » ?;16
Quelles lignes de bus desservent l'arrêt « Pont Juvénal » ?;16
Quelles lignes de bus desservent l'arrêt « Port Marianne » ?;16
Quelles lignes de bus desservent l'arrêt « Place de l'Europe » ?;16
Quelles lignes de bus desservent l'arrêt « Paul Painlevé » ?;16
Quelles lignes de bus desservent l'arrêt « Colverts » ?;16
Quelles lignes de bus desservent l'arrêt « Saint-Jean » ?;16
Quelles lignes de bus desservent l'arrêt « Marie Durand » ?;16
Quelles lignes de bus desservent l'arrêt « André Malraux » ?;16
Quelles lignes de bus desservent l'arrêt « Semard » ?;16
Quelles lignes de bus desservent l'arrêt « Mas de Rochet » ?;16
Quelles lignes de bus desservent l'arrêt « Pioch Pelat » ?;16
Quelles lignes de bus desservent l'arrêt « Gare Saint-Roch - Pont de Sète » ?;8
Quelles lignes de bus desservent l'arrêt « Cité Mion - Bordes » ?;8
Quelles lignes de bus desservent l'arrêt « Soleiado » ?;8
Quelles lignes de bus desservent l'arrêt « Chambéry » ?;8
Quelles lignes de bus desservent l'arrêt « Collège des Aiguerelles » ?;8
Quelles lignes de bus desservent l'arrêt « Tourmalines » ?;8
Quelles lignes de bus desservent l'arrêt « Garcia Lorca » ?;8
Quelles lignes de bus desservent l'arrêt « Maréchal Leclerc » ?;8
Quelles lignes de bus desservent l'arrêt « Centrayrargues » ?;8
Quelles lignes de bus desservent l'arrêt « Centrayrargues » ?;8
Quelles lignes de bus desservent l'arrêt « Descartes » ?;8
Quelles lignes de bus desservent l'arrêt « Razeteurs » ?;8
Quelles lignes de bus desservent l'arrêt « Maréchal Leclerc » ?;8
Quelles lignes de bus desservent l'arrêt « Garcia Lorca » ?;8
Quelles lignes de bus desservent l'arrêt « Tourmalines » ?;8
Quelles lignes de bus desservent l'arrêt « Collège des Aiguerelles » ?;8
Quelles lignes de bus desservent l'arrêt « Chambéry » ?;8
Quelles lignes de bus desservent l'arrêt « Soleiado » ?;8
Quelles lignes de bus desservent l'arrêt « Cimetière Saint-Étienne » ?;52
Quelles lignes de bus desservent l'arrêt « Grammont » ?;52
Quelles lignes de bus desservent l'arrêt « Zénith » ?;52
Quelles lignes de bus desservent l'arrêt « Georges Méliès » ?;52
Quelles lignes de bus desservent l'arrêt « Place de France » ?;52
Quelles lignes de bus desservent l'arrêt « Georges Méliès » ?;52
Quelles lignes de bus desservent l'arrêt « Zénith » ?;52
Quelles lignes de bus desservent l'arrêt « Grammont » ?;52
Quelles lignes de bus desservent l'arrêt « Pierre de Coubertin » ?;19
Quelles lignes de bus desservent l'arrêt « Mas de Bellevue » ?;19
Quelles lignes de bus desservent l'arrêt « Comté de Nice » ?;19
Quelles lignes de bus desservent l'arrêt « Corse » ?;19
Quelles lignes de bus desservent l'arrêt « Jacques Prévert » ?;19
Quelles lignes de bus desservent l'arrêt « Collège Les Garrigues » ?;19
Quelles lignes de bus desservent l'arrêt « Place d'Italie » ?;19
Quelles lignes de bus desservent l'arrêt « Carriéra » ?;19
Quelles lignes de bus desservent l'arrêt « Pierre Cardenal » ?;19
Quelles lignes de bus desservent l'arrêt « Comté de Toulouse » ?;19
Quelles lignes de bus desservent l'arrêt « Raimbaud d'Orange » ?;19
Quelles lignes de bus desservent l'arrêt « Hauts de Massane » ?;19
Quelles lignes de bus desservent l'arrêt « Collège Les Escholiers » ?;19
Quelles lignes de bus desservent l'arrêt « Uppsala » ?;19
Quelles lignes de bus desservent l'arrêt « Oxford » ?;19
Quelles lignes de bus desservent l'arrêt « Lycée Léonard de Vinci - Pierresvives » ?;19
Quelles lignes de bus desservent l'arrêt « Parc Malbosc » ?;19
Quelles lignes de bus desservent l'arrêt « Lycée Léonard de Vinci - Pierresvives » ?;19
Quelles lignes de bus desservent l'arrêt « Oxford » ?;19
Quelles lignes de bus desservent l'arrêt « Uppsala » ?;19
Quelles lignes de bus desservent l'arrêt « Collège Les Escholiers » ?;19
Quelles lignes de bus desservent l'arrêt « Hauts de Massane » ?;19
Quelles lignes de bus desservent l'arrêt « Raimbaud d'Orange » ?;19
Quelles lignes de bus desservent l'arrêt « Comté de Toulouse » ?;19
Quelles lignes de bus desservent l'arrêt « Pierre Cardenal » ?;19
Quelles lignes de bus desservent l'arrêt « Carriéra » ?;19
Quelles lignes de bus desservent l'arrêt « Place d'Italie » ?;19
Quelles lignes de bus desservent l'arrêt « Collège Les Garrigues » ?;19
Quelles lignes de bus desservent l'arrêt « Jacques Prévert » ?;19
Quelles lignes de bus desservent l'arrêt « Corse » ?;19
Quelles lignes de bus desservent l'arrêt « Comté de Nice » ?;19
Quelles lignes de bus desservent l'arrêt « Mas de Bellevue » ?;19
Quelles lignes de bus desservent l'arrêt « Pierre de Coubertin » ?;19
